"name","year","quarter","count"
"JavaScript","2012","2","29168"
"Ruby","2012","2","21053"
"Python","2012","2","20940"
"PHP","2012","2","13371"
"Java","2012","2","12817"
"C++","2012","2","10648"
"C","2012","2","5324"
"Objective-C","2012","2","3228"
"C#","2012","2","3216"
"XSLT","2012","2","1828"
"HTML","2012","2","1644"
"CSS","2012","2","1427"
"Shell","2012","2","1343"
"Scala","2012","2","1099"
"Haskell","2012","2","1076"
"CoffeeScript","2012","2","974"
"Perl","2012","2","731"
"Go","2012","2","658"
"Erlang","2012","2","589"
"Clojure","2012","2","522"
"Emacs Lisp","2012","2","427"
"Groovy","2012","2","385"
"ActionScript","2012","2","369"
"Lua","2012","2","317"
"VimL","2012","2","220"
"Smalltalk","2012","2","207"
"Makefile","2012","2","202"
"Objective-J","2012","2","201"
"ColdFusion","2012","2","147"
"D","2012","2","144"
"LiveScript","2012","2","142"
"Common Lisp","2012","2","131"
"Haxe","2012","2","113"
"OCaml","2012","2","110"
"Factor","2012","2","106"
"Brightscript","2012","2","104"
"JavaScript","2012","3","33880"
"Python","2012","3","24381"
"Ruby","2012","3","21241"
"PHP","2012","3","15788"
"Java","2012","3","14990"
"C++","2012","3","11492"
"C","2012","3","6822"
"Objective-C","2012","3","4088"
"C#","2012","3","3908"
"HTML","2012","3","2860"
"Shell","2012","3","1864"
"CoffeeScript","2012","3","1681"
"AutoHotkey","2012","3","1511"
"CSS","2012","3","1417"
"Go","2012","3","1395"
"Haskell","2012","3","1382"
"Scala","2012","3","994"
"Objective-C++","2012","3","782"
"Emacs Lisp","2012","3","652"
"Perl","2012","3","647"
"Clojure","2012","3","641"
"Jupyter Notebook","2012","3","531"
"Erlang","2012","3","521"
"Lua","2012","3","509"
"OCaml","2012","3","406"
"Groovy","2012","3","395"
"XSLT","2012","3","296"
"Factor","2012","3","285"
"VimL","2012","3","272"
"Objective-J","2012","3","258"
"ActionScript","2012","3","233"
"Makefile","2012","3","181"
"LiveScript","2012","3","172"
"Smalltalk","2012","3","159"
"TypeScript","2012","3","157"
"Haxe","2012","3","153"
"D","2012","3","134"
"DCPU-16 ASM","2012","3","132"
"Pony","2012","3","114"
"Common Lisp","2012","3","105"
"Matlab","2012","3","101"
"JavaScript","2012","4","39218"
"Python","2012","4","26929"
"Ruby","2012","4","23951"
"PHP","2012","4","20683"
"Java","2012","4","18133"
"C++","2012","4","13839"
"C","2012","4","11713"
"Objective-C","2012","4","5091"
"C#","2012","4","4782"
"HTML","2012","4","4198"
"Haskell","2012","4","2952"
"CoffeeScript","2012","4","2269"
"CSS","2012","4","2188"
"Shell","2012","4","1975"
"Go","2012","4","1515"
"Scala","2012","4","1478"
"Lua","2012","4","1377"
"Emacs Lisp","2012","4","805"
"Perl","2012","4","715"
"Clojure","2012","4","596"
"Erlang","2012","4","571"
"VimL","2012","4","407"
"OCaml","2012","4","383"
"Matlab","2012","4","357"
"TypeScript","2012","4","348"
"XSLT","2012","4","312"
"Groovy","2012","4","304"
"Makefile","2012","4","263"
"Objective-C++","2012","4","248"
"Common Lisp","2012","4","212"
"F#","2012","4","149"
"LiveScript","2012","4","144"
"ActionScript","2012","4","139"
"PLpgSQL","2012","4","122"
"Objective-J","2012","4","119"
"Groff","2012","4","112"
"Haxe","2012","4","111"
"Visual Basic","2012","4","108"
"Racket","2012","4","101"
"JavaScript","2013","1","59628"
"Java","2013","1","37504"
"Python","2013","1","35894"
"PHP","2013","1","35069"
"Ruby","2013","1","33674"
"C++","2013","1","19763"
"C","2013","1","13743"
"C#","2013","1","7233"
"Objective-C","2013","1","6964"
"HTML","2013","1","4966"
"CSS","2013","1","3732"
"Shell","2013","1","3247"
"Scala","2013","1","3066"
"CoffeeScript","2013","1","3001"
"Go","2013","1","2478"
"Haskell","2013","1","1962"
"Lua","2013","1","1332"
"Perl","2013","1","1232"
"Emacs Lisp","2013","1","1068"
"Objective-J","2013","1","733"
"Clojure","2013","1","712"
"OCaml","2013","1","686"
"TypeScript","2013","1","642"
"Groovy","2013","1","633"
"Erlang","2013","1","606"
"VimL","2013","1","604"
"Objective-C++","2013","1","557"
"XSLT","2013","1","526"
"ActionScript","2013","1","489"
"Jupyter Notebook","2013","1","442"
"Matlab","2013","1","409"
"Julia","2013","1","299"
"SQF","2013","1","272"
"Common Lisp","2013","1","263"
"Groff","2013","1","242"
"Haxe","2013","1","236"
"Standard ML","2013","1","236"
"Makefile","2013","1","228"
"Vala","2013","1","207"
"PLpgSQL","2013","1","206"
"Cuda","2013","1","180"
"TeX","2013","1","165"
"PowerShell","2013","1","139"
"D","2013","1","138"
"LiveScript","2013","1","136"
"Dart","2013","1","128"
"Assembly","2013","1","122"
"R","2013","1","117"
"Factor","2013","1","117"
"Pascal","2013","1","112"
"F#","2013","1","105"
"AGS Script","2013","1","101"
"DM","2013","1","100"
"JavaScript","2013","2","67169"
"Python","2013","2","45236"
"PHP","2013","2","38688"
"Ruby","2013","2","35776"
"Java","2013","2","34006"
"C++","2013","2","17887"
"C","2013","2","13012"
"C#","2013","2","8433"
"Objective-C","2013","2","6728"
"HTML","2013","2","5990"
"CSS","2013","2","5124"
"Go","2013","2","3530"
"Shell","2013","2","3294"
"CoffeeScript","2013","2","3045"
"Scala","2013","2","2144"
"Haskell","2013","2","1871"
"Lua","2013","2","1654"
"Perl","2013","2","1535"
"Emacs Lisp","2013","2","1044"
"VimL","2013","2","775"
"OCaml","2013","2","746"
"Erlang","2013","2","640"
"Clojure","2013","2","622"
"DM","2013","2","552"
"Matlab","2013","2","496"
"Groovy","2013","2","496"
"TypeScript","2013","2","475"
"XSLT","2013","2","392"
"Puppet","2013","2","371"
"ActionScript","2013","2","369"
"Haxe","2013","2","365"
"Julia","2013","2","349"
"Vala","2013","2","330"
"Dart","2013","2","302"
"Makefile","2013","2","294"
"PostScript","2013","2","286"
"Common Lisp","2013","2","265"
"Jupyter Notebook","2013","2","244"
"Objective-J","2013","2","211"
"Objective-C++","2013","2","199"
"Swift","2013","2","171"
"TeX","2013","2","159"
"Standard ML","2013","2","154"
"F#","2013","2","144"
"Yacc","2013","2","137"
"Game Maker Language","2013","2","129"
"PowerShell","2013","2","114"
"Factor","2013","2","112"
"D","2013","2","108"
"JavaScript","2013","3","84620"
"Python","2013","3","48263"
"Java","2013","3","38647"
"Ruby","2013","3","36440"
"PHP","2013","3","35887"
"C++","2013","3","18800"
"C","2013","3","13705"
"C#","2013","3","9913"
"Objective-C","2013","3","8849"
"CSS","2013","3","7734"
"HTML","2013","3","7485"
"Go","2013","3","4677"
"CoffeeScript","2013","3","4014"
"Shell","2013","3","3646"
"Scala","2013","3","2849"
"Haskell","2013","3","2637"
"Lua","2013","3","1991"
"Perl","2013","3","1672"
"Emacs Lisp","2013","3","1301"
"VimL","2013","3","1211"
"TypeScript","2013","3","1035"
"OCaml","2013","3","865"
"Erlang","2013","3","765"
"Clojure","2013","3","750"
"Groovy","2013","3","723"
"Haxe","2013","3","703"
"XSLT","2013","3","682"
"Puppet","2013","3","609"
"Julia","2013","3","529"
"Dart","2013","3","492"
"Eiffel","2013","3","469"
"Matlab","2013","3","459"
"DM","2013","3","430"
"ActionScript","2013","3","404"
"TeX","2013","3","348"
"Vala","2013","3","284"
"Common Lisp","2013","3","263"
"F#","2013","3","254"
"D","2013","3","250"
"Rust","2013","3","235"
"Kotlin","2013","3","223"
"Makefile","2013","3","213"
"Eagle","2013","3","207"
"R","2013","3","197"
"Assembly","2013","3","197"
"PowerShell","2013","3","192"
"Elixir","2013","3","189"
"Objective-J","2013","3","187"
"Game Maker Language","2013","3","186"
"Objective-C++","2013","3","182"
"Web Ontology Language","2013","3","173"
"Visual Basic","2013","3","128"
"LiveScript","2013","3","126"
"API Blueprint","2013","3","120"
"Scheme","2013","3","119"
"Smalltalk","2013","3","116"
"FORTRAN","2013","3","115"
"Swift","2013","3","110"
"Jupyter Notebook","2013","3","110"
"JavaScript","2013","4","97774"
"Python","2013","4","55823"
"Java","2013","4","44946"
"PHP","2013","4","42069"
"Ruby","2013","4","38433"
"C++","2013","4","28472"
"C","2013","4","16489"
"C#","2013","4","13285"
"Objective-C","2013","4","12087"
"HTML","2013","4","11054"
"CSS","2013","4","9111"
"Go","2013","4","6083"
"CoffeeScript","2013","4","5109"
"Shell","2013","4","5086"
"Scala","2013","4","3874"
"Haskell","2013","4","2689"
"Perl","2013","4","2684"
"Emacs Lisp","2013","4","1725"
"Lua","2013","4","1604"
"TypeScript","2013","4","1457"
"Groovy","2013","4","1227"
"VimL","2013","4","1031"
"OCaml","2013","4","1010"
"Erlang","2013","4","956"
"Julia","2013","4","909"
"Clojure","2013","4","883"
"F#","2013","4","695"
"Puppet","2013","4","637"
"ActionScript","2013","4","602"
"Dart","2013","4","582"
"Haxe","2013","4","493"
"XSLT","2013","4","472"
"Vala","2013","4","429"
"D","2013","4","402"
"DM","2013","4","393"
"PowerShell","2013","4","365"
"TeX","2013","4","351"
"Jupyter Notebook","2013","4","317"
"Matlab","2013","4","315"
"Game Maker Language","2013","4","309"
"Brightscript","2013","4","281"
"Objective-J","2013","4","278"
"Makefile","2013","4","262"
"Rust","2013","4","256"
"R","2013","4","252"
"Swift","2013","4","250"
"LiveScript","2013","4","198"
"Ceylon","2013","4","182"
"FORTRAN","2013","4","181"
"Common Lisp","2013","4","170"
"Elixir","2013","4","163"
"GCC Machine Description","2013","4","144"
"Kotlin","2013","4","143"
"Red","2013","4","142"
"Objective-C++","2013","4","137"
"PLpgSQL","2013","4","137"
"Web Ontology Language","2013","4","126"
"Eagle","2013","4","113"
"Max","2013","4","112"
"Scheme","2013","4","110"
"Groff","2013","4","109"
"Eiffel","2013","4","107"
"Assembly","2013","4","104"
"ColdFusion","2013","4","104"
"Racket","2013","4","103"
"Tcl","2013","4","103"
"PostScript","2013","4","102"
"JavaScript","2014","1","131583"
"Python","2014","1","76809"
"Java","2014","1","65642"
"PHP","2014","1","58635"
"Ruby","2014","1","44436"
"C++","2014","1","32892"
"C","2014","1","21626"
"C#","2014","1","15210"
"HTML","2014","1","14334"
"Objective-C","2014","1","13539"
"CSS","2014","1","12367"
"CoffeeScript","2014","1","9007"
"Go","2014","1","7761"
"Shell","2014","1","6090"
"Scala","2014","1","5147"
"Haskell","2014","1","3684"
"TypeScript","2014","1","3088"
"Clojure","2014","1","2262"
"Lua","2014","1","2211"
"Perl","2014","1","2036"
"Emacs Lisp","2014","1","2022"
"Groovy","2014","1","1548"
"VimL","2014","1","1438"
"Julia","2014","1","1364"
"OCaml","2014","1","1181"
"Dart","2014","1","1107"
"Erlang","2014","1","1091"
"Haxe","2014","1","919"
"TeX","2014","1","864"
"F#","2014","1","776"
"XSLT","2014","1","748"
"DM","2014","1","687"
"Puppet","2014","1","675"
"Jupyter Notebook","2014","1","610"
"D","2014","1","598"
"Apex","2014","1","529"
"Vala","2014","1","526"
"PowerShell","2014","1","428"
"R","2014","1","428"
"Swift","2014","1","421"
"ActionScript","2014","1","412"
"Matlab","2014","1","407"
"Makefile","2014","1","405"
"Rust","2014","1","404"
"PLpgSQL","2014","1","356"
"Elixir","2014","1","323"
"Common Lisp","2014","1","260"
"Kotlin","2014","1","224"
"Assembly","2014","1","211"
"Arduino","2014","1","205"
"Ragel in Ruby Host","2014","1","202"
"Brightscript","2014","1","195"
"LiveScript","2014","1","195"
"Objective-J","2014","1","187"
"Groff","2014","1","171"
"QML","2014","1","165"
"Red","2014","1","162"
"Scheme","2014","1","161"
"Eagle","2014","1","158"
"Web Ontology Language","2014","1","155"
"SQLPL","2014","1","154"
"Standard ML","2014","1","149"
"FORTRAN","2014","1","140"
"ApacheConf","2014","1","138"
"Visual Basic","2014","1","130"
"Game Maker Language","2014","1","122"
"Max","2014","1","121"
"CMake","2014","1","112"
"ColdFusion","2014","1","109"
"Processing","2014","1","106"
"JavaScript","2014","2","144307"
"Python","2014","2","84022"
"Java","2014","2","76026"
"PHP","2014","2","54973"
"Ruby","2014","2","47991"
"C++","2014","2","36793"
"C","2014","2","23114"
"C#","2014","2","17892"
"HTML","2014","2","17278"
"Objective-C","2014","2","14792"
"Haskell","2014","2","12689"
"CSS","2014","2","11976"
"Go","2014","2","11245"
"CoffeeScript","2014","2","10898"
"Shell","2014","2","10083"
"Scala","2014","2","5649"
"TypeScript","2014","2","3981"
"Lua","2014","2","2453"
"Perl","2014","2","2128"
"Clojure","2014","2","1892"
"Rust","2014","2","1794"
"Emacs Lisp","2014","2","1769"
"Groovy","2014","2","1611"
"Julia","2014","2","1449"
"VimL","2014","2","1334"
"Erlang","2014","2","1323"
"Dart","2014","2","1224"
"Swift","2014","2","994"
"TeX","2014","2","935"
"F#","2014","2","902"
"OCaml","2014","2","885"
"Haxe","2014","2","789"
"Matlab","2014","2","706"
"Makefile","2014","2","695"
"R","2014","2","690"
"DM","2014","2","641"
"Jupyter Notebook","2014","2","591"
"ActionScript","2014","2","570"
"D","2014","2","549"
"Puppet","2014","2","473"
"XSLT","2014","2","446"
"PowerShell","2014","2","422"
"Apex","2014","2","387"
"Objective-J","2014","2","373"
"Ragel in Ruby Host","2014","2","370"
"Vala","2014","2","361"
"Assembly","2014","2","339"
"PLpgSQL","2014","2","332"
"Common Lisp","2014","2","316"
"Standard ML","2014","2","306"
"Elixir","2014","2","296"
"FORTRAN","2014","2","286"
"LiveScript","2014","2","280"
"SQLPL","2014","2","253"
"Visual Basic","2014","2","242"
"Web Ontology Language","2014","2","237"
"Kotlin","2014","2","231"
"Eagle","2014","2","224"
"Arduino","2014","2","193"
"QML","2014","2","185"
"ASP","2014","2","180"
"Objective-C++","2014","2","158"
"Smalltalk","2014","2","152"
"Prolog","2014","2","149"
"Game Maker Language","2014","2","142"
"SourcePawn","2014","2","139"
"Red","2014","2","127"
"1C Enterprise","2014","2","124"
"Ceylon","2014","2","121"
"SQF","2014","2","115"
"CMake","2014","2","105"
"Gettext Catalog","2014","2","104"
"Cucumber","2014","2","102"
"JavaScript","2014","3","165308"
"Python","2014","3","87966"
"Java","2014","3","72255"
"PHP","2014","3","62879"
"Ruby","2014","3","48261"
"C++","2014","3","38321"
"C#","2014","3","24759"
"C","2014","3","23211"
"HTML","2014","3","21773"
"Objective-C","2014","3","15714"
"Go","2014","3","13684"
"CSS","2014","3","12899"
"CoffeeScript","2014","3","12452"
"Shell","2014","3","9402"
"Scala","2014","3","7671"
"Haskell","2014","3","5556"
"TypeScript","2014","3","5041"
"Lua","2014","3","2900"
"Rust","2014","3","2778"
"Clojure","2014","3","2421"
"Perl","2014","3","2244"
"Swift","2014","3","1978"
"Groovy","2014","3","1970"
"Emacs Lisp","2014","3","1923"
"Julia","2014","3","1896"
"VimL","2014","3","1403"
"Dart","2014","3","1328"
"Erlang","2014","3","1310"
"Makefile","2014","3","1164"
"OCaml","2014","3","1100"
"F#","2014","3","1000"
"R","2014","3","836"
"Jupyter Notebook","2014","3","814"
"Matlab","2014","3","740"
"Elixir","2014","3","733"
"DM","2014","3","724"
"ActionScript","2014","3","700"
"PLpgSQL","2014","3","618"
"Haxe","2014","3","612"
"D","2014","3","598"
"TeX","2014","3","581"
"Apex","2014","3","547"
"PowerShell","2014","3","540"
"XSLT","2014","3","524"
"Assembly","2014","3","480"
"Puppet","2014","3","446"
"Objective-J","2014","3","434"
"Vala","2014","3","413"
"Kotlin","2014","3","399"
"Common Lisp","2014","3","317"
"FORTRAN","2014","3","290"
"SQF","2014","3","221"
"Visual Basic","2014","3","215"
"Smalltalk","2014","3","188"
"PostScript","2014","3","185"
"Eagle","2014","3","182"
"Arduino","2014","3","181"
"LiveScript","2014","3","180"
"1C Enterprise","2014","3","177"
"SourcePawn","2014","3","174"
"Inno Setup","2014","3","163"
"QML","2014","3","162"
"Groff","2014","3","161"
"PureScript","2014","3","159"
"Ceylon","2014","3","156"
"SQLPL","2014","3","154"
"Web Ontology Language","2014","3","154"
"Standard ML","2014","3","150"
"ApacheConf","2014","3","148"
"Pascal","2014","3","141"
"Cucumber","2014","3","125"
"Cuda","2014","3","123"
"Scheme","2014","3","122"
"Game Maker Language","2014","3","119"
"CMake","2014","3","118"
"Perl6","2014","3","115"
"ooc","2014","3","106"
"KiCad","2014","3","100"
"JavaScript","2014","4","185964"
"Python","2014","4","87736"
"Java","2014","4","79521"
"PHP","2014","4","68465"
"C++","2014","4","59957"
"Ruby","2014","4","52122"
"C","2014","4","44051"
"C#","2014","4","22868"
"HTML","2014","4","20194"
"Go","2014","4","16444"
"Objective-C","2014","4","15207"
"CSS","2014","4","15037"
"CoffeeScript","2014","4","12540"
"Shell","2014","4","10687"
"Scala","2014","4","7676"
"TypeScript","2014","4","5562"
"Haskell","2014","4","4955"
"Lua","2014","4","4615"
"Rust","2014","4","3928"
"Clojure","2014","4","3630"
"Swift","2014","4","3460"
"Groovy","2014","4","2857"
"Perl","2014","4","2723"
"Emacs Lisp","2014","4","2219"
"Julia","2014","4","1632"
"F#","2014","4","1573"
"Makefile","2014","4","1569"
"OCaml","2014","4","1517"
"Erlang","2014","4","1460"
"VimL","2014","4","1421"
"DM","2014","4","1358"
"Kotlin","2014","4","1245"
"Jupyter Notebook","2014","4","1223"
"Dart","2014","4","1149"
"Haxe","2014","4","1052"
"Matlab","2014","4","1005"
"R","2014","4","903"
"TeX","2014","4","781"
"XSLT","2014","4","735"
"Puppet","2014","4","661"
"Visual Basic","2014","4","618"
"ActionScript","2014","4","586"
"PowerShell","2014","4","564"
"Elixir","2014","4","477"
"Apex","2014","4","424"
"Vala","2014","4","422"
"PLpgSQL","2014","4","421"
"Common Lisp","2014","4","411"
"D","2014","4","390"
"QML","2014","4","347"
"Eagle","2014","4","279"
"FORTRAN","2014","4","275"
"Objective-J","2014","4","254"
"SQF","2014","4","254"
"Cucumber","2014","4","252"
"LabVIEW","2014","4","229"
"PureScript","2014","4","226"
"Pascal","2014","4","212"
"Smalltalk","2014","4","211"
"SourcePawn","2014","4","193"
"Assembly","2014","4","187"
"SQLPL","2014","4","185"
"Groff","2014","4","179"
"ApacheConf","2014","4","173"
"Web Ontology Language","2014","4","161"
"Factor","2014","4","156"
"LiveScript","2014","4","153"
"CMake","2014","4","138"
"Tcl","2014","4","137"
"Standard ML","2014","4","136"
"Mathematica","2014","4","132"
"Arduino","2014","4","130"
"Elm","2014","4","129"
"Cuda","2014","4","128"
"OpenEdge ABL","2014","4","123"
"Game Maker Language","2014","4","107"
"Batchfile","2014","4","105"
"PostScript","2014","4","104"
"ABAP","2014","4","103"
"JavaScript","2015","1","239517"
"Python","2015","1","119716"
"Java","2015","1","103972"
"PHP","2015","1","87742"
"Ruby","2015","1","60391"
"C++","2015","1","53383"
"C#","2015","1","34278"
"C","2015","1","32963"
"HTML","2015","1","32575"
"Go","2015","1","22756"
"CSS","2015","1","19743"
"CoffeeScript","2015","1","17780"
"Objective-C","2015","1","17734"
"Shell","2015","1","14559"
"Scala","2015","1","9283"
"TypeScript","2015","1","7917"
"Haskell","2015","1","6685"
"Lua","2015","1","5308"
"Rust","2015","1","5256"
"Swift","2015","1","4684"
"Groovy","2015","1","3514"
"Perl","2015","1","3420"
"Clojure","2015","1","3252"
"Emacs Lisp","2015","1","2882"
"Julia","2015","1","2131"
"Erlang","2015","1","1793"
"Makefile","2015","1","1752"
"Dart","2015","1","1674"
"R","2015","1","1652"
"VimL","2015","1","1644"
"DM","2015","1","1635"
"Kotlin","2015","1","1619"
"TeX","2015","1","1549"
"F#","2015","1","1468"
"OCaml","2015","1","1448"
"Matlab","2015","1","1272"
"Jupyter Notebook","2015","1","1165"
"Haxe","2015","1","1004"
"PowerShell","2015","1","936"
"Puppet","2015","1","911"
"ApacheConf","2015","1","825"
"D","2015","1","726"
"PLpgSQL","2015","1","715"
"XSLT","2015","1","700"
"Elixir","2015","1","681"
"QML","2015","1","665"
"Vala","2015","1","656"
"Visual Basic","2015","1","544"
"ActionScript","2015","1","538"
"PLSQL","2015","1","498"
"Apex","2015","1","494"
"PureScript","2015","1","463"
"Common Lisp","2015","1","430"
"Smalltalk","2015","1","376"
"CMake","2015","1","370"
"Web Ontology Language","2015","1","360"
"SQF","2015","1","354"
"Assembly","2015","1","353"
"Cucumber","2015","1","344"
"FORTRAN","2015","1","341"
"Eagle","2015","1","323"
"Pascal","2015","1","312"
"LabVIEW","2015","1","298"
"SourcePawn","2015","1","291"
"Groff","2015","1","283"
"Elm","2015","1","258"
"LiveScript","2015","1","248"
"Arduino","2015","1","238"
"Objective-J","2015","1","203"
"Prolog","2015","1","198"
"Racket","2015","1","183"
"Hack","2015","1","182"
"1C Enterprise","2015","1","179"
"AutoHotkey","2015","1","168"
"Nimrod","2015","1","158"
"ColdFusion","2015","1","153"
"Game Maker Language","2015","1","151"
"Standard ML","2015","1","150"
"M","2015","1","144"
"Cuda","2015","1","139"
"Inno Setup","2015","1","126"
"Tcl","2015","1","124"
"Perl6","2015","1","123"
"Scheme","2015","1","121"
"Objective-C++","2015","1","120"
"Processing","2015","1","120"
"Max","2015","1","118"
"Mathematica","2015","1","111"
"Smarty","2015","1","108"
"Coq","2015","1","106"
"PostScript","2015","1","102"
"SQLPL","2015","1","101"
"JavaScript","2015","2","259719"
"Python","2015","2","138758"
"Java","2015","2","116401"
"PHP","2015","2","91449"
"Ruby","2015","2","57597"
"C++","2015","2","55021"
"C#","2015","2","44208"
"C","2015","2","37563"
"HTML","2015","2","36986"
"Go","2015","2","31255"
"CSS","2015","2","21406"
"CoffeeScript","2015","2","20972"
"Objective-C","2015","2","19179"
"Shell","2015","2","17140"
"TypeScript","2015","2","11900"
"Scala","2015","2","10744"
"Swift","2015","2","8022"
"Haskell","2015","2","7184"
"Dart","2015","2","6172"
"Rust","2015","2","5999"
"Lua","2015","2","5168"
"Perl","2015","2","4567"
"Groovy","2015","2","4452"
"Clojure","2015","2","3287"
"Emacs Lisp","2015","2","2752"
"R","2015","2","2570"
"OCaml","2015","2","2421"
"Erlang","2015","2","2234"
"Julia","2015","2","1956"
"DM","2015","2","1886"
"VimL","2015","2","1796"
"Makefile","2015","2","1642"
"F#","2015","2","1596"
"Matlab","2015","2","1573"
"Jupyter Notebook","2015","2","1323"
"PowerShell","2015","2","1248"
"TeX","2015","2","1165"
"Elixir","2015","2","1142"
"Kotlin","2015","2","1137"
"Haxe","2015","2","1029"
"PLpgSQL","2015","2","1028"
"Smalltalk","2015","2","858"
"XSLT","2015","2","792"
"Puppet","2015","2","786"
"QML","2015","2","747"
"PureScript","2015","2","734"
"Pascal","2015","2","705"
"D","2015","2","702"
"Vala","2015","2","661"
"Visual Basic","2015","2","635"
"ActionScript","2015","2","605"
"SQF","2015","2","586"
"Common Lisp","2015","2","529"
"CMake","2015","2","465"
"Apex","2015","2","438"
"Elm","2015","2","436"
"FORTRAN","2015","2","413"
"Groff","2015","2","397"
"PLSQL","2015","2","396"
"Web Ontology Language","2015","2","373"
"ApacheConf","2015","2","361"
"Assembly","2015","2","347"
"Objective-C++","2015","2","325"
"Eagle","2015","2","311"
"LiveScript","2015","2","264"
"Arduino","2015","2","250"
"Nginx","2015","2","246"
"Batchfile","2015","2","213"
"Red","2015","2","211"
"Standard ML","2015","2","198"
"HCL","2015","2","198"
"Cucumber","2015","2","193"
"Cuda","2015","2","190"
"Scheme","2015","2","179"
"ASP","2015","2","176"
"Nimrod","2015","2","169"
"Thrift","2015","2","165"
"KiCad","2015","2","160"
"OpenSCAD","2015","2","160"
"Racket","2015","2","157"
"Inno Setup","2015","2","156"
"SMT","2015","2","148"
"XQuery","2015","2","144"
"GDScript","2015","2","142"
"Perl6","2015","2","142"
"AutoIt","2015","2","137"
"Mathematica","2015","2","135"
"SourcePawn","2015","2","132"
"AutoHotkey","2015","2","131"
"Logos","2015","2","124"
"Objective-J","2015","2","121"
"Tcl","2015","2","118"
"POV-Ray SDL","2015","2","112"
"Protocol Buffer","2015","2","112"
"1C Enterprise","2015","2","108"
"ABAP","2015","2","105"
"Crystal","2015","2","104"
"JavaScript","2015","3","286828"
"Python","2015","3","139856"
"Java","2015","3","122570"
"PHP","2015","3","96734"
"C++","2015","3","64088"
"Ruby","2015","3","59438"
"C#","2015","3","44041"
"HTML","2015","3","42634"
"C","2015","3","39425"
"Go","2015","3","36684"
"CSS","2015","3","21864"
"Shell","2015","3","21138"
"Objective-C","2015","3","20820"
"CoffeeScript","2015","3","18576"
"TypeScript","2015","3","12478"
"Scala","2015","3","11795"
"Swift","2015","3","10164"
"Haskell","2015","3","7840"
"Lua","2015","3","5487"
"Rust","2015","3","4913"
"Clojure","2015","3","4366"
"Perl","2015","3","4045"
"Groovy","2015","3","3766"
"Emacs Lisp","2015","3","3679"
"R","2015","3","3151"
"Julia","2015","3","2949"
"Erlang","2015","3","2409"
"Jupyter Notebook","2015","3","2213"
"DM","2015","3","2208"
"Dart","2015","3","1966"
"Elixir","2015","3","1905"
"Makefile","2015","3","1803"
"OCaml","2015","3","1758"
"TeX","2015","3","1735"
"F#","2015","3","1709"
"VimL","2015","3","1674"
"PowerShell","2015","3","1516"
"Matlab","2015","3","1216"
"Kotlin","2015","3","1151"
"Haxe","2015","3","962"
"QML","2015","3","912"
"Visual Basic","2015","3","898"
"PLpgSQL","2015","3","883"
"Puppet","2015","3","764"
"XSLT","2015","3","722"
"ActionScript","2015","3","712"
"D","2015","3","702"
"Vala","2015","3","584"
"Smalltalk","2015","3","583"
"Web Ontology Language","2015","3","582"
"Pascal","2015","3","575"
"Groff","2015","3","566"
"CMake","2015","3","562"
"PureScript","2015","3","558"
"Eiffel","2015","3","539"
"Arduino","2015","3","535"
"Elm","2015","3","533"
"ApacheConf","2015","3","515"
"Logos","2015","3","442"
"Objective-C++","2015","3","440"
"SQF","2015","3","427"
"Racket","2015","3","424"
"Common Lisp","2015","3","399"
"FORTRAN","2015","3","353"
"Apex","2015","3","314"
"Nginx","2015","3","293"
"LiveScript","2015","3","287"
"Perl6","2015","3","278"
"Batchfile","2015","3","269"
"Standard ML","2015","3","255"
"Eagle","2015","3","253"
"Cucumber","2015","3","251"
"KiCad","2015","3","243"
"Assembly","2015","3","240"
"ColdFusion","2015","3","239"
"SourcePawn","2015","3","228"
"Cuda","2015","3","209"
"HCL","2015","3","208"
"PLSQL","2015","3","183"
"Protocol Buffer","2015","3","170"
"ABAP","2015","3","163"
"AutoHotkey","2015","3","157"
"Tcl","2015","3","153"
"Scheme","2015","3","150"
"POV-Ray SDL","2015","3","150"
"Prolog","2015","3","148"
"ooc","2015","3","145"
"Factor","2015","3","143"
"Smarty","2015","3","140"
"Mathematica","2015","3","136"
"Crystal","2015","3","131"
"Objective-J","2015","3","119"
"Xtend","2015","3","114"
"Inno Setup","2015","3","111"
"Papyrus","2015","3","111"
"Thrift","2015","3","110"
"GDScript","2015","3","107"
"Nimrod","2015","3","106"
"GCC Machine Description","2015","3","104"
"AppleScript","2015","3","102"
"Ceylon","2015","3","100"
"JavaScript","2015","4","312059"
"Python","2015","4","147092"
"Java","2015","4","133116"
"PHP","2015","4","97166"
"C++","2015","4","67819"
"Ruby","2015","4","58960"
"C#","2015","4","53300"
"C","2015","4","43730"
"HTML","2015","4","42629"
"Go","2015","4","39668"
"Shell","2015","4","23760"
"CSS","2015","4","22744"
"Objective-C","2015","4","22062"
"CoffeeScript","2015","4","16462"
"TypeScript","2015","4","15247"
"Swift","2015","4","13399"
"Scala","2015","4","10864"
"Haskell","2015","4","7870"
"Lua","2015","4","6728"
"Rust","2015","4","5998"
"Clojure","2015","4","5200"
"Perl","2015","4","4541"
"Groovy","2015","4","3910"
"Emacs Lisp","2015","4","3309"
"Julia","2015","4","3013"
"R","2015","4","2702"
"Jupyter Notebook","2015","4","2634"
"Erlang","2015","4","2556"
"Makefile","2015","4","2393"
"DM","2015","4","2334"
"TeX","2015","4","2072"
"Elixir","2015","4","2040"
"OCaml","2015","4","1922"
"Kotlin","2015","4","1827"
"Dart","2015","4","1818"
"VimL","2015","4","1808"
"PowerShell","2015","4","1794"
"F#","2015","4","1736"
"Matlab","2015","4","1146"
"Pascal","2015","4","1105"
"QML","2015","4","1052"
"Groff","2015","4","958"
"Puppet","2015","4","878"
"PLpgSQL","2015","4","855"
"Haxe","2015","4","847"
"Visual Basic","2015","4","789"
"Elm","2015","4","678"
"D","2015","4","617"
"Vala","2015","4","599"
"Perl6","2015","4","552"
"XSLT","2015","4","545"
"Assembly","2015","4","538"
"ActionScript","2015","4","523"
"CMake","2015","4","503"
"Web Ontology Language","2015","4","486"
"Prolog","2015","4","480"
"FORTRAN","2015","4","477"
"Hack","2015","4","441"
"PureScript","2015","4","438"
"Nginx","2015","4","430"
"Arduino","2015","4","412"
"1C Enterprise","2015","4","407"
"Apex","2015","4","387"
"ooc","2015","4","386"
"Common Lisp","2015","4","317"
"Objective-C++","2015","4","313"
"Cucumber","2015","4","295"
"ApacheConf","2015","4","283"
"PLSQL","2015","4","270"
"GDScript","2015","4","267"
"LiveScript","2015","4","239"
"KiCad","2015","4","235"
"Eagle","2015","4","234"
"SQF","2015","4","232"
"AutoHotkey","2015","4","231"
"SourcePawn","2015","4","229"
"Batchfile","2015","4","222"
"Racket","2015","4","221"
"Cuda","2015","4","216"
"Smalltalk","2015","4","214"
"Ceylon","2015","4","203"
"ColdFusion","2015","4","197"
"Protocol Buffer","2015","4","194"
"Game Maker Language","2015","4","193"
"Logos","2015","4","191"
"Scheme","2015","4","189"
"GAP","2015","4","182"
"Standard ML","2015","4","178"
"Nix","2015","4","170"
"NSIS","2015","4","148"
"Mathematica","2015","4","146"
"Xtend","2015","4","145"
"Coq","2015","4","134"
"OpenEdge ABL","2015","4","132"
"Processing","2015","4","132"
"HCL","2015","4","127"
"Crystal","2015","4","125"
"Smarty","2015","4","116"
"Inno Setup","2015","4","114"
"Nimrod","2015","4","113"
"Red","2015","4","111"
"ABAP","2015","4","105"
"Modelica","2015","4","104"
"JavaScript","2016","1","366252"
"Python","2016","1","169875"
"Java","2016","1","153067"
"PHP","2016","1","111326"
"C++","2016","1","78175"
"Ruby","2016","1","65454"
"C#","2016","1","60950"
"Go","2016","1","53316"
"C","2016","1","49224"
"HTML","2016","1","49036"
"CSS","2016","1","29127"
"Shell","2016","1","28685"
"TypeScript","2016","1","22816"
"Objective-C","2016","1","21569"
"Swift","2016","1","15990"
"CoffeeScript","2016","1","15643"
"Scala","2016","1","13259"
"Rust","2016","1","9547"
"Haskell","2016","1","7874"
"Lua","2016","1","6559"
"Perl","2016","1","5446"
"Clojure","2016","1","4565"
"Groovy","2016","1","4482"
"Jupyter Notebook","2016","1","4167"
"Emacs Lisp","2016","1","3285"
"R","2016","1","3235"
"Kotlin","2016","1","3213"
"DM","2016","1","3034"
"Erlang","2016","1","2860"
"Julia","2016","1","2837"
"VimL","2016","1","2766"
"PowerShell","2016","1","2717"
"OCaml","2016","1","2653"
"Makefile","2016","1","2610"
"Elixir","2016","1","2471"
"TeX","2016","1","1906"
"Dart","2016","1","1689"
"Visual Basic","2016","1","1677"
"F#","2016","1","1582"
"Matlab","2016","1","1456"
"Pascal","2016","1","1155"
"Haxe","2016","1","1027"
"Vala","2016","1","934"
"D","2016","1","900"
"QML","2016","1","891"
"PLpgSQL","2016","1","757"
"Puppet","2016","1","736"
"Groff","2016","1","716"
"XSLT","2016","1","611"
"FORTRAN","2016","1","561"
"Smalltalk","2016","1","556"
"Assembly","2016","1","548"
"Elm","2016","1","546"
"Apex","2016","1","542"
"ActionScript","2016","1","532"
"CMake","2016","1","518"
"Arduino","2016","1","480"
"SQF","2016","1","432"
"PureScript","2016","1","420"
"Common Lisp","2016","1","406"
"PLSQL","2016","1","396"
"Web Ontology Language","2016","1","376"
"Red","2016","1","371"
"Objective-C++","2016","1","362"
"1C Enterprise","2016","1","345"
"Nginx","2016","1","341"
"Perl6","2016","1","335"
"Batchfile","2016","1","331"
"GAP","2016","1","325"
"SourcePawn","2016","1","322"
"Crystal","2016","1","319"
"Cuda","2016","1","319"
"Smarty","2016","1","306"
"Scheme","2016","1","299"
"LiveScript","2016","1","288"
"Eagle","2016","1","288"
"KiCad","2016","1","280"
"Cucumber","2016","1","262"
"Standard ML","2016","1","253"
"ooc","2016","1","234"
"VHDL","2016","1","233"
"Game Maker Language","2016","1","229"
"ABAP","2016","1","229"
"OpenEdge ABL","2016","1","223"
"Logos","2016","1","210"
"Xtend","2016","1","202"
"Protocol Buffer","2016","1","199"
"HCL","2016","1","191"
"ColdFusion","2016","1","185"
"AutoHotkey","2016","1","181"
"ApacheConf","2016","1","178"
"Ceylon","2016","1","159"
"Racket","2016","1","157"
"Nimrod","2016","1","148"
"Hack","2016","1","146"
"Factor","2016","1","141"
"Ada","2016","1","137"
"GDScript","2016","1","131"
"Inform 7","2016","1","129"
"AGS Script","2016","1","128"
"Prolog","2016","1","127"
"ASP","2016","1","123"
"Mathematica","2016","1","120"
"BitBake","2016","1","120"
"Vue","2016","1","118"
"Verilog","2016","1","117"
"Processing","2016","1","111"
"PAWN","2016","1","109"
"Tcl","2016","1","108"
"UnrealScript","2016","1","107"
"Nix","2016","1","106"
"SaltStack","2016","1","101"
"JavaScript","2016","2","347289"
"Python","2016","2","167048"
"Java","2016","2","153396"
"PHP","2016","2","99835"
"C++","2016","2","73039"
"C#","2016","2","63137"
"Ruby","2016","2","62296"
"C","2016","2","59745"
"Go","2016","2","56256"
"HTML","2016","2","45068"
"TypeScript","2016","2","31042"
"CSS","2016","2","26610"
"Shell","2016","2","26365"
"Objective-C","2016","2","20714"
"Swift","2016","2","17462"
"CoffeeScript","2016","2","13969"
"Scala","2016","2","12504"
"Rust","2016","2","8761"
"Haskell","2016","2","8234"
"Lua","2016","2","6600"
"Perl","2016","2","5037"
"Groovy","2016","2","4503"
"Clojure","2016","2","4240"
"Jupyter Notebook","2016","2","4231"
"Kotlin","2016","2","3550"
"Julia","2016","2","3137"
"R","2016","2","3127"
"PowerShell","2016","2","2840"
"Elixir","2016","2","2801"
"DM","2016","2","2704"
"Emacs Lisp","2016","2","2665"
"Erlang","2016","2","2618"
"OCaml","2016","2","2568"
"TeX","2016","2","2276"
"Makefile","2016","2","2232"
"VimL","2016","2","1976"
"F#","2016","2","1642"
"Matlab","2016","2","1594"
"Visual Basic","2016","2","1180"
"Dart","2016","2","1177"
"Haxe","2016","2","1129"
"PLpgSQL","2016","2","1122"
"Elm","2016","2","1055"
"QML","2016","2","831"
"SQF","2016","2","814"
"ActionScript","2016","2","731"
"Web Ontology Language","2016","2","730"
"Smalltalk","2016","2","719"
"XSLT","2016","2","666"
"Vala","2016","2","653"
"Pascal","2016","2","649"
"Arduino","2016","2","637"
"FORTRAN","2016","2","606"
"Puppet","2016","2","575"
"CMake","2016","2","569"
"D","2016","2","566"
"Ceylon","2016","2","503"
"Objective-C++","2016","2","488"
"Red","2016","2","465"
"Scheme","2016","2","446"
"Perl6","2016","2","438"
"PureScript","2016","2","424"
"SourcePawn","2016","2","418"
"Assembly","2016","2","416"
"Common Lisp","2016","2","414"
"Groff","2016","2","406"
"PLSQL","2016","2","383"
"Apex","2016","2","352"
"Nginx","2016","2","341"
"Tcl","2016","2","339"
"Vue","2016","2","338"
"KiCad","2016","2","318"
"1C Enterprise","2016","2","310"
"Crystal","2016","2","304"
"GAP","2016","2","299"
"SAS","2016","2","297"
"Eagle","2016","2","285"
"Batchfile","2016","2","283"
"GDScript","2016","2","265"
"Cuda","2016","2","256"
"AutoHotkey","2016","2","251"
"OpenEdge ABL","2016","2","230"
"ApacheConf","2016","2","218"
"Processing","2016","2","215"
"Racket","2016","2","209"
"Xtend","2016","2","205"
"ABAP","2016","2","195"
"ColdFusion","2016","2","186"
"Standard ML","2016","2","185"
"HCL","2016","2","184"
"Cucumber","2016","2","174"
"Prolog","2016","2","168"
"Logos","2016","2","166"
"Protocol Buffer","2016","2","161"
"PAWN","2016","2","159"
"Smarty","2016","2","145"
"PostScript","2016","2","141"
"ASP","2016","2","134"
"Nimrod","2016","2","132"
"LiveScript","2016","2","130"
"Game Maker Language","2016","2","128"
"VHDL","2016","2","119"
"Mathematica","2016","2","117"
"Hack","2016","2","115"
"LabVIEW","2016","2","115"
"UnrealScript","2016","2","104"
"Inno Setup","2016","2","101"
"JavaScript","2016","3","332022"
"Python","2016","3","172407"
"Java","2016","3","157255"
"PHP","2016","3","94768"
"C++","2016","3","72084"
"C#","2016","3","70834"
"Go","2016","3","56845"
"Ruby","2016","3","54611"
"C","2016","3","46995"
"HTML","2016","3","42362"
"TypeScript","2016","3","41353"
"Shell","2016","3","25591"
"CSS","2016","3","24324"
"Objective-C","2016","3","20975"
"Swift","2016","3","19967"
"CoffeeScript","2016","3","12267"
"Scala","2016","3","11679"
"Rust","2016","3","9673"
"Haskell","2016","3","7490"
"Lua","2016","3","7303"
"Kotlin","2016","3","4502"
"Jupyter Notebook","2016","3","4333"
"Clojure","2016","3","4095"
"Perl","2016","3","4042"
"Julia","2016","3","3840"
"Groovy","2016","3","3585"
"Elixir","2016","3","3211"
"R","2016","3","2964"
"OCaml","2016","3","2794"
"Emacs Lisp","2016","3","2559"
"PowerShell","2016","3","2538"
"Erlang","2016","3","2217"
"DM","2016","3","2032"
"VimL","2016","3","2002"
"Makefile","2016","3","1900"
"Matlab","2016","3","1583"
"TeX","2016","3","1480"
"F#","2016","3","1443"
"PLpgSQL","2016","3","1205"
"Dart","2016","3","1085"
"Visual Basic","2016","3","1056"
"Pascal","2016","3","1015"
"Haxe","2016","3","948"
"Vala","2016","3","933"
"Vue","2016","3","932"
"Elm","2016","3","893"
"QML","2016","3","875"
"SourcePawn","2016","3","826"
"PLSQL","2016","3","804"
"Protocol Buffer","2016","3","758"
"PureScript","2016","3","711"
"Objective-C++","2016","3","706"
"Groff","2016","3","679"
"XSLT","2016","3","622"
"Perl6","2016","3","621"
"SQF","2016","3","590"
"Ceylon","2016","3","578"
"Puppet","2016","3","558"
"Web Ontology Language","2016","3","538"
"Common Lisp","2016","3","503"
"D","2016","3","488"
"Arduino","2016","3","487"
"FORTRAN","2016","3","445"
"Apex","2016","3","442"
"Nginx","2016","3","433"
"ActionScript","2016","3","389"
"Smalltalk","2016","3","383"
"Crystal","2016","3","371"
"Scheme","2016","3","368"
"CMake","2016","3","368"
"Assembly","2016","3","364"
"Standard ML","2016","3","359"
"Batchfile","2016","3","335"
"OpenEdge ABL","2016","3","289"
"KiCad","2016","3","283"
"AutoHotkey","2016","3","276"
"Racket","2016","3","270"
"1C Enterprise","2016","3","270"
"Cuda","2016","3","263"
"GDScript","2016","3","254"
"Tcl","2016","3","237"
"Processing","2016","3","235"
"HCL","2016","3","233"
"Red","2016","3","219"
"ABAP","2016","3","198"
"PAWN","2016","3","197"
"SaltStack","2016","3","195"
"Eagle","2016","3","188"
"Cucumber","2016","3","185"
"LabVIEW","2016","3","175"
"Rebol","2016","3","157"
"Nimrod","2016","3","148"
"Smarty","2016","3","143"
"Coq","2016","3","129"
"LiveScript","2016","3","128"
"VHDL","2016","3","127"
"Xtend","2016","3","122"
"ApacheConf","2016","3","116"
"BitBake","2016","3","115"
"ASP","2016","3","114"
"Logos","2016","3","109"
"PostScript","2016","3","101"
"JavaScript","2016","4","323115"
"Java","2016","4","176969"
"Python","2016","4","165105"
"PHP","2016","4","93999"
"C++","2016","4","75002"
"C#","2016","4","64480"
"Go","2016","4","60774"
"Ruby","2016","4","52487"
"C","2016","4","48586"
"TypeScript","2016","4","46758"
"HTML","2016","4","45552"
"Shell","2016","4","27184"
"CSS","2016","4","25690"
"Swift","2016","4","21376"
"Objective-C","2016","4","18922"
"Scala","2016","4","13439"
"CoffeeScript","2016","4","11426"
"Rust","2016","4","10993"
"Lua","2016","4","7701"
"Perl","2016","4","6763"
"Haskell","2016","4","6314"
"Jupyter Notebook","2016","4","4888"
"Vue","2016","4","4415"
"Clojure","2016","4","3983"
"Groovy","2016","4","3471"
"Elixir","2016","4","3276"
"OCaml","2016","4","3168"
"R","2016","4","3154"
"Julia","2016","4","3003"
"Kotlin","2016","4","2999"
"PowerShell","2016","4","2848"
"VimL","2016","4","2547"
"Emacs Lisp","2016","4","2454"
"Erlang","2016","4","2367"
"DM","2016","4","1916"
"Makefile","2016","4","1683"
"Matlab","2016","4","1625"
"F#","2016","4","1592"
"Visual Basic","2016","4","1518"
"Dart","2016","4","1484"
"TeX","2016","4","1370"
"Elm","2016","4","1182"
"Haxe","2016","4","1098"
"PLSQL","2016","4","1022"
"Pascal","2016","4","1021"
"QML","2016","4","962"
"PLpgSQL","2016","4","903"
"SQF","2016","4","805"
"Groff","2016","4","720"
"D","2016","4","676"
"XSLT","2016","4","673"
"Objective-C++","2016","4","667"
"Common Lisp","2016","4","643"
"PureScript","2016","4","618"
"Vala","2016","4","616"
"Web Ontology Language","2016","4","571"
"CMake","2016","4","566"
"Perl6","2016","4","525"
"FORTRAN","2016","4","521"
"Smalltalk","2016","4","506"
"Puppet","2016","4","502"
"AutoHotkey","2016","4","501"
"Arduino","2016","4","491"
"Cuda","2016","4","456"
"SourcePawn","2016","4","451"
"Crystal","2016","4","390"
"1C Enterprise","2016","4","378"
"Apex","2016","4","369"
"Batchfile","2016","4","357"
"ActionScript","2016","4","356"
"VHDL","2016","4","356"
"Assembly","2016","4","329"
"Nginx","2016","4","317"
"Eagle","2016","4","315"
"Scheme","2016","4","299"
"Ceylon","2016","4","299"
"ABAP","2016","4","284"
"ColdFusion","2016","4","264"
"HCL","2016","4","256"
"PostScript","2016","4","252"
"OpenEdge ABL","2016","4","252"
"Protocol Buffer","2016","4","251"
"PAWN","2016","4","242"
"Nimrod","2016","4","232"
"Standard ML","2016","4","227"
"Smarty","2016","4","222"
"Red","2016","4","214"
"LabVIEW","2016","4","189"
"BitBake","2016","4","187"
"KiCad","2016","4","185"
"Verilog","2016","4","181"
"GCC Machine Description","2016","4","175"
"GLSL","2016","4","157"
"GAP","2016","4","153"
"LiveScript","2016","4","151"
"ASP","2016","4","144"
"Racket","2016","4","138"
"Nix","2016","4","134"
"Coq","2016","4","128"
"GDScript","2016","4","124"
"Xtend","2016","4","124"
"Game Maker Language","2016","4","117"
"Tcl","2016","4","113"
"JavaScript","2017","1","327032"
"Java","2017","1","181956"
"Python","2017","1","180862"
"PHP","2017","1","101154"
"C++","2017","1","81859"
"Go","2017","1","81566"
"C#","2017","1","70911"
"TypeScript","2017","1","57532"
"Ruby","2017","1","54218"
"C","2017","1","50531"
"HTML","2017","1","41513"
"Shell","2017","1","24951"
"CSS","2017","1","24467"
"Objective-C","2017","1","18164"
"Swift","2017","1","17818"
"Scala","2017","1","14527"
"Rust","2017","1","12395"
"CoffeeScript","2017","1","11635"
"Lua","2017","1","8184"
"Haskell","2017","1","6628"
"Vue","2017","1","6200"
"Jupyter Notebook","2017","1","5487"
"Perl","2017","1","5322"
"Kotlin","2017","1","3977"
"Clojure","2017","1","3707"
"Elixir","2017","1","3691"
"R","2017","1","3663"
"Groovy","2017","1","3373"
"PowerShell","2017","1","3303"
"DM","2017","1","3244"
"OCaml","2017","1","3101"
"Vim script","2017","1","3053"
"Julia","2017","1","2753"
"Erlang","2017","1","2540"
"Emacs Lisp","2017","1","2493"
"Dart","2017","1","1703"
"TeX","2017","1","1544"
"Makefile","2017","1","1520"
"Matlab","2017","1","1450"
"QML","2017","1","1355"
"F#","2017","1","1319"
"Elm","2017","1","1094"
"Objective-C++","2017","1","1019"
"Visual Basic","2017","1","1008"
"D","2017","1","944"
"Batchfile","2017","1","892"
"Haxe","2017","1","882"
"PLpgSQL","2017","1","856"
"XSLT","2017","1","853"
"Vala","2017","1","827"
"Pascal","2017","1","796"
"PLSQL","2017","1","686"
"PureScript","2017","1","666"
"Roff","2017","1","665"
"UnrealScript","2017","1","605"
"CMake","2017","1","600"
"Fortran","2017","1","597"
"Smalltalk","2017","1","565"
"Web Ontology Language","2017","1","555"
"Common Lisp","2017","1","524"
"Apex","2017","1","516"
"Arduino","2017","1","513"
"Smarty","2017","1","511"
"SourcePawn","2017","1","495"
"SQF","2017","1","473"
"KiCad","2017","1","469"
"Assembly","2017","1","390"
"Crystal","2017","1","389"
"Perl6","2017","1","377"
"Puppet","2017","1","370"
"AutoHotkey","2017","1","365"
"VimL","2017","1","350"
"Red","2017","1","315"
"Protocol Buffer","2017","1","300"
"ABAP","2017","1","296"
"HCL","2017","1","292"
"1C Enterprise","2017","1","279"
"Eagle","2017","1","271"
"Gherkin","2017","1","253"
"GAP","2017","1","250"
"Scheme","2017","1","240"
"ActionScript","2017","1","238"
"Xtend","2017","1","231"
"Cuda","2017","1","218"
"Nix","2017","1","207"
"Racket","2017","1","203"
"Standard ML","2017","1","196"
"GLSL","2017","1","187"
"VHDL","2017","1","174"
"Nim","2017","1","172"
"ColdFusion","2017","1","168"
"Game Maker Language","2017","1","157"
"Nginx","2017","1","154"
"PAWN","2017","1","147"
"Tcl","2017","1","144"
"AutoIt","2017","1","140"
"SaltStack","2017","1","137"
"ApacheConf","2017","1","135"
"GDScript","2017","1","123"
"Ceylon","2017","1","116"
"Hack","2017","1","114"
"LabVIEW","2017","1","114"
"Groff","2017","1","112"
"ASP","2017","1","110"
"OpenEdge ABL","2017","1","107"
"BitBake","2017","1","105"
"JavaScript","2017","2","354470"
"Java","2017","2","195843"
"Python","2017","2","192622"
"PHP","2017","2","104572"
"C++","2017","2","89957"
"Go","2017","2","77793"
"C#","2017","2","73647"
"TypeScript","2017","2","73380"
"Ruby","2017","2","52950"
"C","2017","2","49965"
"HTML","2017","2","40205"
"Shell","2017","2","28305"
"CSS","2017","2","23718"
"Swift","2017","2","19223"
"Objective-C","2017","2","17091"
"Scala","2017","2","14356"
"Rust","2017","2","13618"
"CoffeeScript","2017","2","10463"
"Lua","2017","2","9340"
"Vue","2017","2","8069"
"Haskell","2017","2","7190"
"Jupyter Notebook","2017","2","5762"
"Kotlin","2017","2","5502"
"Perl","2017","2","4912"
"Elixir","2017","2","4687"
"R","2017","2","4664"
"Groovy","2017","2","3839"
"PowerShell","2017","2","3781"
"Clojure","2017","2","3457"
"Emacs Lisp","2017","2","3087"
"Vim script","2017","2","3053"
"DM","2017","2","2997"
"OCaml","2017","2","2771"
"Julia","2017","2","2450"
"Erlang","2017","2","2356"
"Vala","2017","2","2000"
"Matlab","2017","2","1767"
"F#","2017","2","1665"
"Makefile","2017","2","1476"
"TeX","2017","2","1451"
"QML","2017","2","1446"
"Dart","2017","2","1442"
"Visual Basic","2017","2","1345"
"Elm","2017","2","1112"
"HCL","2017","2","993"
"Arduino","2017","2","850"
"CMake","2017","2","827"
"D","2017","2","825"
"PLpgSQL","2017","2","817"
"PureScript","2017","2","812"
"XSLT","2017","2","774"
"Pascal","2017","2","756"
"Web Ontology Language","2017","2","714"
"Crystal","2017","2","699"
"Roff","2017","2","657"
"Perl6","2017","2","650"
"Fortran","2017","2","633"
"Haxe","2017","2","614"
"SQF","2017","2","599"
"Common Lisp","2017","2","559"
"Objective-C++","2017","2","536"
"Smalltalk","2017","2","482"
"Red","2017","2","453"
"SourcePawn","2017","2","425"
"KiCad","2017","2","406"
"Batchfile","2017","2","393"
"ColdFusion","2017","2","392"
"Logos","2017","2","391"
"UnrealScript","2017","2","377"
"Assembly","2017","2","370"
"Puppet","2017","2","368"
"Apex","2017","2","362"
"PLSQL","2017","2","351"
"Nix","2017","2","344"
"Smarty","2017","2","340"
"Scheme","2017","2","317"
"BitBake","2017","2","315"
"Eagle","2017","2","292"
"Cuda","2017","2","286"
"Protocol Buffer","2017","2","281"
"AutoHotkey","2017","2","270"
"Rascal","2017","2","256"
"Gherkin","2017","2","255"
"ABAP","2017","2","251"
"ActionScript","2017","2","244"
"Nim","2017","2","234"
"PostScript","2017","2","221"
"Racket","2017","2","221"
"1C Enterprise","2017","2","214"
"LabVIEW","2017","2","213"
"Nginx","2017","2","209"
"GDScript","2017","2","202"
"VHDL","2017","2","188"
"Verilog","2017","2","185"
"Coq","2017","2","170"
"GLSL","2017","2","167"
"GAP","2017","2","158"
"ASP","2017","2","137"
"VimL","2017","2","131"
"Ceylon","2017","2","125"
"SaltStack","2017","2","121"
"ApacheConf","2017","2","120"
"LiveScript","2017","2","119"
"NSIS","2017","2","114"
"Stata","2017","2","104"
"POV-Ray SDL","2017","2","103"
"Standard ML","2017","2","102"
"JavaScript","2017","3","295326"
"Java","2017","3","157680"
"Python","2017","3","156513"
"PHP","2017","3","85412"
"C++","2017","3","80738"
"Go","2017","3","65991"
"TypeScript","2017","3","62154"
"C#","2017","3","56947"
"C","2017","3","44922"
"Ruby","2017","3","41048"
"HTML","2017","3","28996"
"Shell","2017","3","23895"
"CSS","2017","3","17640"
"Objective-C","2017","3","15350"
"Swift","2017","3","15284"
"Scala","2017","3","11891"
"Rust","2017","3","10895"
"CoffeeScript","2017","3","7320"
"Lua","2017","3","7314"
"Vue","2017","3","7247"
"Haskell","2017","3","5682"
"Kotlin","2017","3","5262"
"Jupyter Notebook","2017","3","4003"
"Perl","2017","3","3919"
"Elixir","2017","3","3562"
"PowerShell","2017","3","3534"
"R","2017","3","3474"
"Groovy","2017","3","3362"
"OCaml","2017","3","2933"
"Clojure","2017","3","2811"
"Emacs Lisp","2017","3","2605"
"Vim script","2017","3","2476"
"Julia","2017","3","2304"
"Erlang","2017","3","2055"
"DM","2017","3","1929"
"F#","2017","3","1686"
"Makefile","2017","3","1617"
"Vala","2017","3","1436"
"Matlab","2017","3","1210"
"Pascal","2017","3","1090"
"Visual Basic","2017","3","1068"
"Dart","2017","3","988"
"Elm","2017","3","876"
"TeX","2017","3","868"
"PLpgSQL","2017","3","866"
"D","2017","3","841"
"QML","2017","3","747"
"SourcePawn","2017","3","686"
"Perl 6","2017","3","652"
"Roff","2017","3","640"
"CMake","2017","3","636"
"FreeMarker","2017","3","608"
"PureScript","2017","3","599"
"Fortran","2017","3","599"
"XSLT","2017","3","585"
"HCL","2017","3","555"
"Web Ontology Language","2017","3","525"
"Crystal","2017","3","456"
"Puppet","2017","3","454"
"Haxe","2017","3","425"
"PLSQL","2017","3","404"
"Common Lisp","2017","3","384"
"Apex","2017","3","377"
"Racket","2017","3","374"
"Red","2017","3","373"
"AutoHotkey","2017","3","367"
"Arduino","2017","3","355"
"UnrealScript","2017","3","351"
"Smalltalk","2017","3","347"
"Smarty","2017","3","338"
"Assembly","2017","3","337"
"Nix","2017","3","329"
"ColdFusion","2017","3","312"
"Rascal","2017","3","294"
"ABAP","2017","3","292"
"Scheme","2017","3","270"
"PostScript","2017","3","259"
"Cuda","2017","3","254"
"Logos","2017","3","238"
"BitBake","2017","3","237"
"Protocol Buffer","2017","3","237"
"Gherkin","2017","3","236"
"Nim","2017","3","234"
"SQF","2017","3","228"
"Batchfile","2017","3","219"
"ApacheConf","2017","3","206"
"GAP","2017","3","196"
"API Blueprint","2017","3","189"
"Eagle","2017","3","186"
"VHDL","2017","3","144"
"1C Enterprise","2017","3","143"
"Objective-C++","2017","3","139"
"LabVIEW","2017","3","132"
"Standard ML","2017","3","129"
"VimL","2017","3","129"
"Prolog","2017","3","122"
"Mathematica","2017","3","122"
"ActionScript","2017","3","120"
"Stata","2017","3","120"
"SaltStack","2017","3","112"
"Pure Data","2017","3","112"
"SQLPL","2017","3","105"
"JavaScript","2017","4","257836"
"Python","2017","4","147849"
"Java","2017","4","143794"
"PHP","2017","4","82034"
"C++","2017","4","80443"
"TypeScript","2017","4","61393"
"Go","2017","4","61354"
"C#","2017","4","56181"
"C","2017","4","44123"
"Ruby","2017","4","35351"
"HTML","2017","4","27530"
"Shell","2017","4","20561"
"CSS","2017","4","15132"
"Swift","2017","4","14329"
"Objective-C","2017","4","14254"
"Rust","2017","4","9722"
"Scala","2017","4","9699"
"Vue","2017","4","6884"
"CoffeeScript","2017","4","6627"
"Kotlin","2017","4","5463"
"Lua","2017","4","5370"
"Haskell","2017","4","4941"
"Perl","2017","4","3965"
"Jupyter Notebook","2017","4","3475"
"Groovy","2017","4","3228"
"Gnuplot","2017","4","3217"
"R","2017","4","3165"
"PowerShell","2017","4","3124"
"Clojure","2017","4","3102"
"OCaml","2017","4","2814"
"Emacs Lisp","2017","4","2663"
"DM","2017","4","2328"
"Vim script","2017","4","2256"
"Elixir","2017","4","2129"
"Erlang","2017","4","1832"
"Julia","2017","4","1820"
"Vala","2017","4","1348"
"Dart","2017","4","1291"
"Makefile","2017","4","1244"
"F#","2017","4","1165"
"Matlab","2017","4","1162"
"TeX","2017","4","1030"
"Roff","2017","4","943"
"Pascal","2017","4","846"
"Visual Basic","2017","4","818"
"PLpgSQL","2017","4","645"
"CMake","2017","4","634"
"QML","2017","4","611"
"Perl 6","2017","4","558"
"D","2017","4","555"
"Elm","2017","4","548"
"Crystal","2017","4","539"
"SourcePawn","2017","4","511"
"XSLT","2017","4","510"
"FreeMarker","2017","4","487"
"Haxe","2017","4","467"
"Fortran","2017","4","456"
"PLSQL","2017","4","443"
"Smarty","2017","4","440"
"Common Lisp","2017","4","408"
"Apex","2017","4","364"
"Nix","2017","4","337"
"Arduino","2017","4","334"
"HLSL","2017","4","310"
"ColdFusion","2017","4","309"
"Assembly","2017","4","303"
"PostScript","2017","4","302"
"HCL","2017","4","296"
"SQF","2017","4","252"
"AutoHotkey","2017","4","249"
"ABAP","2017","4","248"
"Nim","2017","4","236"
"Scheme","2017","4","234"
"PureScript","2017","4","210"
"Puppet","2017","4","204"
"Smalltalk","2017","4","204"
"Standard ML","2017","4","182"
"GAP","2017","4","181"
"UnrealScript","2017","4","180"
"Red","2017","4","180"
"Gherkin","2017","4","178"
"VHDL","2017","4","173"
"Prolog","2017","4","172"
"API Blueprint","2017","4","159"
"1C Enterprise","2017","4","158"
"Cuda","2017","4","158"
"Batchfile","2017","4","156"
"SQLPL","2017","4","150"
"Logos","2017","4","144"
"Web Ontology Language","2017","4","144"
"BitBake","2017","4","142"
"Racket","2017","4","140"
"SaltStack","2017","4","139"
"Game Maker Language","2017","4","137"
"ActionScript","2017","4","135"
"Objective-J","2017","4","134"
"Eagle","2017","4","128"
"Coq","2017","4","128"
"GLSL","2017","4","127"
"Protocol Buffer","2017","4","122"
"Objective-C++","2017","4","102"
"Forth","2017","4","101"
"JavaScript","2018","1","270278"
"Python","2018","1","155241"
"Java","2018","1","142798"
"PHP","2018","1","80450"
"C++","2018","1","79784"
"Go","2018","1","71216"
"TypeScript","2018","1","67835"
"C#","2018","1","59744"
"C","2018","1","42223"
"Ruby","2018","1","34952"
"HTML","2018","1","29088"
"Shell","2018","1","24404"
"Swift","2018","1","15472"
"CSS","2018","1","15183"
"Objective-C","2018","1","12025"
"Scala","2018","1","9767"
"Rust","2018","1","9325"
"Vue","2018","1","8140"
"Kotlin","2018","1","7462"
"Lua","2018","1","5561"
"Jupyter Notebook","2018","1","4579"
"CoffeeScript","2018","1","4544"
"R","2018","1","4176"
"Groovy","2018","1","3863"
"Haskell","2018","1","3801"
"Perl","2018","1","3570"
"PowerShell","2018","1","3237"
"Elixir","2018","1","2997"
"Emacs Lisp","2018","1","2978"
"Mathematica","2018","1","2920"
"Clojure","2018","1","2920"
"DM","2018","1","2495"
"Vim script","2018","1","2313"
"OCaml","2018","1","2242"
"Dart","2018","1","1836"
"Erlang","2018","1","1560"
"Makefile","2018","1","1337"
"Vala","2018","1","1331"
"Matlab","2018","1","1257"
"F#","2018","1","1105"
"QML","2018","1","1045"
"Pascal","2018","1","1045"
"Julia","2018","1","1029"
"TeX","2018","1","903"
"Perl 6","2018","1","846"
"PLpgSQL","2018","1","771"
"D","2018","1","699"
"Visual Basic","2018","1","683"
"Smarty","2018","1","678"
"Elm","2018","1","677"
"FreeMarker","2018","1","672"
"Roff","2018","1","668"
"CMake","2018","1","649"
"Nix","2018","1","608"
"Assembly","2018","1","602"
"XSLT","2018","1","554"
"Common Lisp","2018","1","499"
"Smalltalk","2018","1","470"
"Haxe","2018","1","447"
"PLSQL","2018","1","428"
"Crystal","2018","1","422"
"Apex","2018","1","402"
"Fortran","2018","1","393"
"ColdFusion","2018","1","386"
"SourcePawn","2018","1","369"
"Puppet","2018","1","344"
"HCL","2018","1","327"
"PureScript","2018","1","314"
"BitBake","2018","1","290"
"RobotFramework","2018","1","285"
"ABAP","2018","1","262"
"AutoHotkey","2018","1","252"
"ActionScript","2018","1","251"
"Gherkin","2018","1","248"
"Scheme","2018","1","230"
"Batchfile","2018","1","219"
"Uno","2018","1","208"
"Cuda","2018","1","208"
"UnrealScript","2018","1","207"
"Objective-C++","2018","1","206"
"SQF","2018","1","200"
"PostScript","2018","1","196"
"GAP","2018","1","173"
"Inno Setup","2018","1","158"
"Nim","2018","1","158"
"Standard ML","2018","1","158"
"API Blueprint","2018","1","147"
"Game Maker Language","2018","1","140"
"Tcl","2018","1","139"
"Arduino","2018","1","135"
"Awk","2018","1","132"
"Prolog","2018","1","131"
"GLSL","2018","1","130"
"Factor","2018","1","106"
"Objective-J","2018","1","101"
"JavaScript","2018","2","199337"
"Java","2018","2","126325"
"Python","2018","2","123682"
"C++","2018","2","70410"
"PHP","2018","2","60052"
"Go","2018","2","56214"
"TypeScript","2018","2","55716"
"C#","2018","2","46720"
"C","2018","2","32324"
"Ruby","2018","2","27206"
"HTML","2018","2","20836"
"Shell","2018","2","19029"
"Swift","2018","2","12355"
"Objective-C","2018","2","10332"
"CSS","2018","2","10209"
"Scala","2018","2","6720"
"Vue","2018","2","6506"
"Kotlin","2018","2","6143"
"Rust","2018","2","6065"
"Lua","2018","2","4312"
"CoffeeScript","2018","2","3603"
"R","2018","2","3603"
"Groovy","2018","2","3298"
"Jupyter Notebook","2018","2","3280"
"Perl","2018","2","2843"
"PowerShell","2018","2","2737"
"Clojure","2018","2","2650"
"WebAssembly","2018","2","2583"
"Haskell","2018","2","2438"
"Elixir","2018","2","2397"
"OCaml","2018","2","2320"
"Emacs Lisp","2018","2","2153"
"Vim script","2018","2","1920"
"Dart","2018","2","1845"
"Erlang","2018","2","1354"
"DM","2018","2","1266"
"Smarty","2018","2","1199"
"Perl 6","2018","2","1034"
"Matlab","2018","2","1025"
"Makefile","2018","2","969"
"Vala","2018","2","851"
"F#","2018","2","768"
"TeX","2018","2","716"
"Julia","2018","2","674"
"Pascal","2018","2","649"
"PLpgSQL","2018","2","624"
"XSLT","2018","2","570"
"Visual Basic","2018","2","532"
"Roff","2018","2","528"
"D","2018","2","456"
"Nix","2018","2","446"
"PostScript","2018","2","401"
"HCL","2018","2","394"
"Haxe","2018","2","389"
"FreeMarker","2018","2","379"
"Crystal","2018","2","364"
"Fortran","2018","2","359"
"Elm","2018","2","357"
"API Blueprint","2018","2","349"
"PLSQL","2018","2","344"
"CMake","2018","2","325"
"Smalltalk","2018","2","322"
"PureScript","2018","2","314"
"QML","2018","2","314"
"ABAP","2018","2","302"
"Apex","2018","2","268"
"SQF","2018","2","265"
"Common Lisp","2018","2","259"
"Nim","2018","2","258"
"ColdFusion","2018","2","250"
"AutoHotkey","2018","2","246"
"BitBake","2018","2","236"
"Scheme","2018","2","233"
"Assembly","2018","2","233"
"SourcePawn","2018","2","205"
"RobotFramework","2018","2","193"
"Game Maker Language","2018","2","153"
"Puppet","2018","2","148"
"GAP","2018","2","133"
"SQLPL","2018","2","127"
"Racket","2018","2","120"
"Cuda","2018","2","119"
"Prolog","2018","2","117"
"Batchfile","2018","2","114"
"Meson","2018","2","108"
"Coq","2018","2","100"
"JavaScript","2018","3","183340"
"Python","2018","3","118712"
"Java","2018","3","109459"
"C++","2018","3","72425"
"Go","2018","3","56514"
"PHP","2018","3","54814"
"TypeScript","2018","3","53544"
"C#","2018","3","42596"
"C","2018","3","31998"
"Ruby","2018","3","24785"
"HTML","2018","3","17814"
"Shell","2018","3","17194"
"Swift","2018","3","11016"
"CSS","2018","3","9984"
"Objective-C","2018","3","9203"
"Rust","2018","3","6664"
"Kotlin","2018","3","6420"
"Scala","2018","3","6213"
"Vue","2018","3","6033"
"Lua","2018","3","4704"
"Jupyter Notebook","2018","3","3707"
"CoffeeScript","2018","3","3482"
"R","2018","3","3102"
"Groovy","2018","3","3095"
"Perl","2018","3","2523"
"Clojure","2018","3","2454"
"Elixir","2018","3","2388"
"PowerShell","2018","3","2197"
"Haskell","2018","3","2194"
"Emacs Lisp","2018","3","2147"
"OCaml","2018","3","1846"
"Dart","2018","3","1827"
"Vim script","2018","3","1726"
"Erlang","2018","3","1332"
"Dockerfile","2018","3","1247"
"DM","2018","3","1188"
"Makefile","2018","3","1039"
"Matlab","2018","3","1027"
"Julia","2018","3","916"
"Perl 6","2018","3","845"
"Vala","2018","3","834"
"F#","2018","3","685"
"PLpgSQL","2018","3","661"
"TeX","2018","3","647"
"Visual Basic","2018","3","641"
"Roff","2018","3","461"
"XSLT","2018","3","424"
"Pascal","2018","3","417"
"ABAP","2018","3","410"
"D","2018","3","409"
"Elm","2018","3","408"
"Smalltalk","2018","3","404"
"FreeMarker","2018","3","392"
"PLSQL","2018","3","392"
"Haxe","2018","3","363"
"Fortran","2018","3","359"
"Common Lisp","2018","3","352"
"CMake","2018","3","339"
"Crystal","2018","3","303"
"ColdFusion","2018","3","302"
"Nim","2018","3","297"
"Smarty","2018","3","274"
"SourcePawn","2018","3","250"
"BitBake","2018","3","235"
"HCL","2018","3","232"
"Assembly","2018","3","232"
"Apex","2018","3","226"
"Batchfile","2018","3","218"
"PostScript","2018","3","210"
"PureScript","2018","3","204"
"QML","2018","3","200"
"Puppet","2018","3","192"
"RobotFramework","2018","3","189"
"AutoHotkey","2018","3","171"
"Nix","2018","3","170"
"ASP","2018","3","163"
"GAP","2018","3","141"
"Cuda","2018","3","135"
"Scheme","2018","3","130"
"SQLPL","2018","3","129"
"F*","2018","3","129"
"API Blueprint","2018","3","124"
"Tcl","2018","3","119"
"Racket","2018","3","110"
"1C Enterprise","2018","3","108"
"JavaScript","2018","4","162011"
"Python","2018","4","108105"
"Java","2018","4","86099"
"C++","2018","4","55240"
"Go","2018","4","51845"
"PHP","2018","4","50046"
"TypeScript","2018","4","49148"
"C#","2018","4","38705"
"C","2018","4","29388"
"Ruby","2018","4","20964"
"HTML","2018","4","19096"
"Shell","2018","4","14445"
"Swift","2018","4","10201"
"CSS","2018","4","8911"
"Objective-C","2018","4","7195"
"Kotlin","2018","4","5893"
"Scala","2018","4","4939"
"Vue","2018","4","4830"
"Rust","2018","4","4700"
"Lua","2018","4","3447"
"Jupyter Notebook","2018","4","3411"
"R","2018","4","2943"
"Groovy","2018","4","2666"
"Perl","2018","4","2585"
"Clojure","2018","4","2387"
"CoffeeScript","2018","4","2340"
"Haskell","2018","4","2264"
"Elixir","2018","4","2163"
"Emacs Lisp","2018","4","2150"
"PowerShell","2018","4","2021"
"OCaml","2018","4","1449"
"Vim script","2018","4","1388"
"Dart","2018","4","1194"
"Erlang","2018","4","1139"
"Dockerfile","2018","4","1112"
"DM","2018","4","1067"
"Vala","2018","4","996"
"Makefile","2018","4","948"
"Matlab","2018","4","844"
"Julia","2018","4","765"
"F#","2018","4","662"
"Perl 6","2018","4","632"
"TeX","2018","4","549"
"Visual Basic","2018","4","508"
"PLpgSQL","2018","4","483"
"Pascal","2018","4","400"
"Haxe","2018","4","392"
"Smalltalk","2018","4","390"
"CMake","2018","4","358"
"ColdFusion","2018","4","338"
"Fortran","2018","4","322"
"XSLT","2018","4","309"
"Roff","2018","4","303"
"PLSQL","2018","4","293"
"ABAP","2018","4","265"
"SourcePawn","2018","4","248"
"Elm","2018","4","244"
"Nix","2018","4","238"
"Nim","2018","4","237"
"D","2018","4","231"
"FreeMarker","2018","4","231"
"Verilog","2018","4","230"
"Apex","2018","4","229"
"Batchfile","2018","4","212"
"Common Lisp","2018","4","204"
"Crystal","2018","4","195"
"AutoHotkey","2018","4","184"
"QML","2018","4","181"
"BitBake","2018","4","160"
"PureScript","2018","4","141"
"UnrealScript","2018","4","139"
"Scheme","2018","4","128"
"Assembly","2018","4","120"
"ASP","2018","4","116"
"PostScript","2018","4","116"
"RobotFramework","2018","4","114"
"HCL","2018","4","113"
"SQF","2018","4","112"
"Puppet","2018","4","105"
"Cuda","2018","4","105"
"Smarty","2018","4","103"
"1C Enterprise","2018","4","100"
"JavaScript","2019","1","165850"
"Python","2019","1","121095"
"Java","2019","1","86166"
"C++","2019","1","58872"
"Go","2019","1","58637"
"PHP","2019","1","53728"
"TypeScript","2019","1","50739"
"C#","2019","1","42109"
"C","2019","1","31849"
"Ruby","2019","1","24013"
"HTML","2019","1","15331"
"Shell","2019","1","15195"
"CSS","2019","1","8886"
"Swift","2019","1","8190"
"Objective-C","2019","1","7355"
"Kotlin","2019","1","7355"
"Scala","2019","1","5412"
"Rust","2019","1","5013"
"Vue","2019","1","4926"
"Lua","2019","1","4815"
"Jupyter Notebook","2019","1","3721"
"R","2019","1","3238"
"Groovy","2019","1","2838"
"Perl","2019","1","2686"
"Elixir","2019","1","2303"
"Emacs Lisp","2019","1","2163"
"PowerShell","2019","1","2122"
"Dart","2019","1","2105"
"CoffeeScript","2019","1","2062"
"Clojure","2019","1","2032"
"Haskell","2019","1","2020"
"OCaml","2019","1","1896"
"Smalltalk","2019","1","1525"
"Vim script","2019","1","1473"
"Dockerfile","2019","1","1250"
"Julia","2019","1","909"
"Makefile","2019","1","898"
"Jsonnet","2019","1","860"
"Erlang","2019","1","797"
"MATLAB","2019","1","779"
"DM","2019","1","762"
"Vala","2019","1","725"
"F#","2019","1","693"
"TeX","2019","1","660"
"PLpgSQL","2019","1","642"
"Perl 6","2019","1","629"
"Visual Basic","2019","1","576"
"Roff","2019","1","517"
"Pascal","2019","1","510"
"PLSQL","2019","1","458"
"WebAssembly","2019","1","443"
"Haxe","2019","1","423"
"Fortran","2019","1","404"
"ColdFusion","2019","1","382"
"RobotFramework","2019","1","370"
"SourcePawn","2019","1","366"
"FreeMarker","2019","1","353"
"CMake","2019","1","341"
"ABAP","2019","1","340"
"XSLT","2019","1","330"
"QML","2019","1","292"
"Common Lisp","2019","1","288"
"AutoHotkey","2019","1","275"
"Nix","2019","1","245"
"Assembly","2019","1","226"
"D","2019","1","225"
"Apex","2019","1","220"
"Nim","2019","1","185"
"ASP","2019","1","182"
"Elm","2019","1","176"
"BitBake","2019","1","169"
"Matlab","2019","1","168"
"Cuda","2019","1","162"
"Crystal","2019","1","160"
"Puppet","2019","1","160"
"HCL","2019","1","157"
"Scheme","2019","1","151"
"PostScript","2019","1","148"
"UnrealScript","2019","1","147"
"Coq","2019","1","136"
"PureScript","2019","1","111"
"JavaScript","2019","2","109165"
"Python","2019","2","77685"
"Java","2019","2","58657"
"C++","2019","2","40575"
"Go","2019","2","38408"
"PHP","2019","2","35690"
"TypeScript","2019","2","30189"
"C#","2019","2","27559"
"C","2019","2","20797"
"Ruby","2019","2","13865"
"Shell","2019","2","10370"
"HTML","2019","2","9421"
"Swift","2019","2","6987"
"CSS","2019","2","5322"
"Objective-C","2019","2","5066"
"Kotlin","2019","2","4837"
"Vue","2019","2","3757"
"Scala","2019","2","3668"
"Rust","2019","2","3515"
"Lua","2019","2","2871"
"Jupyter Notebook","2019","2","2489"
"Perl","2019","2","2411"
"R","2019","2","2324"
"Groovy","2019","2","1988"
"Elixir","2019","2","1697"
"Emacs Lisp","2019","2","1426"
"OCaml","2019","2","1324"
"Haskell","2019","2","1311"
"PowerShell","2019","2","1307"
"Dart","2019","2","1270"
"CoffeeScript","2019","2","1188"
"Vim script","2019","2","1131"
"Jsonnet","2019","2","1130"
"Clojure","2019","2","1067"
"Dockerfile","2019","2","757"
"Smalltalk","2019","2","754"
"Erlang","2019","2","672"
"DM","2019","2","592"
"PLpgSQL","2019","2","521"
"F#","2019","2","521"
"Makefile","2019","2","475"
"Perl 6","2019","2","469"
"MATLAB","2019","2","455"
"Vala","2019","2","455"
"TeX","2019","2","432"
"Julia","2019","2","403"
"Fortran","2019","2","340"
"CMake","2019","2","299"
"Haxe","2019","2","276"
"WebAssembly","2019","2","270"
"Pascal","2019","2","266"
"PLSQL","2019","2","256"
"Visual Basic","2019","2","229"
"ColdFusion","2019","2","210"
"SourcePawn","2019","2","202"
"Assembly","2019","2","193"
"Common Lisp","2019","2","191"
"RobotFramework","2019","2","183"
"Roff","2019","2","165"
"XSLT","2019","2","160"
"ABAP","2019","2","147"
"Matlab","2019","2","145"
"Rich Text Format","2019","2","144"
"Elm","2019","2","139"
"PostScript","2019","2","132"
"D","2019","2","129"
"QML","2019","2","122"
"Apex","2019","2","122"
"UnrealScript","2019","2","118"
"Nix","2019","2","110"
"Crystal","2019","2","106"
"Puppet","2019","2","105"
"Tcl","2019","2","104"
"Cuda","2019","2","104"
"PureScript","2019","2","103"
"JavaScript","2019","3","137404"
"Python","2019","3","105566"
"Java","2019","3","86272"
"Go","2019","3","62121"
"C++","2019","3","58984"
"PHP","2019","3","44585"
"TypeScript","2019","3","44531"
"C#","2019","3","41466"
"C","2019","3","30229"
"Ruby","2019","3","18649"
"HTML","2019","3","14567"
"Shell","2019","3","12566"
"Dart","2019","3","11719"
"Swift","2019","3","7717"
"Objective-C","2019","3","7506"
"CSS","2019","3","7166"
"Kotlin","2019","3","6825"
"Rust","2019","3","5271"
"Scala","2019","3","5193"
"Vue","2019","3","4703"
"Lua","2019","3","4171"
"Jupyter Notebook","2019","3","3198"
"Groovy","2019","3","2864"
"R","2019","3","2840"
"Perl","2019","3","2768"
"Emacs Lisp","2019","3","2124"
"Haskell","2019","3","1746"
"DM","2019","3","1703"
"PowerShell","2019","3","1641"
"OCaml","2019","3","1606"
"Jsonnet","2019","3","1449"
"Elixir","2019","3","1440"
"CoffeeScript","2019","3","1370"
"TSQL","2019","3","1353"
"Clojure","2019","3","1341"
"Vim script","2019","3","1187"
"Julia","2019","3","1042"
"Dockerfile","2019","3","993"
"Erlang","2019","3","982"
"Makefile","2019","3","876"
"Vala","2019","3","658"
"Smalltalk","2019","3","658"
"F#","2019","3","623"
"TeX","2019","3","576"
"MATLAB","2019","3","528"
"Perl 6","2019","3","470"
"Fortran","2019","3","436"
"PLpgSQL","2019","3","378"
"Roff","2019","3","369"
"Pascal","2019","3","369"
"ActionScript","2019","3","365"
"CMake","2019","3","360"
"ColdFusion","2019","3","330"
"Visual Basic","2019","3","324"
"Haxe","2019","3","283"
"RobotFramework","2019","3","281"
"QML","2019","3","250"
"XSLT","2019","3","245"
"xBase","2019","3","231"
"PLSQL","2019","3","221"
"Common Lisp","2019","3","215"
"Rich Text Format","2019","3","206"
"PostScript","2019","3","197"
"ABAP","2019","3","187"
"Apex","2019","3","187"
"Nim","2019","3","186"
"Assembly","2019","3","170"
"D","2019","3","167"
"Scheme","2019","3","160"
"BitBake","2019","3","158"
"Crystal","2019","3","152"
"PureScript","2019","3","145"
"Cuda","2019","3","137"
"Coq","2019","3","131"
"Elm","2019","3","122"
"Nix","2019","3","122"
"SourcePawn","2019","3","119"
"HCL","2019","3","107"
"AutoHotkey","2019","3","107"
"Batchfile","2019","3","102"
"JavaScript","2019","4","129377"
"Python","2019","4","103381"
"Java","2019","4","82900"
"Go","2019","4","57898"
"C++","2019","4","57328"
"PHP","2019","4","44218"
"C#","2019","4","42016"
"TypeScript","2019","4","40343"
"C","2019","4","29962"
"Ruby","2019","4","17846"
"Dart","2019","4","16520"
"Shell","2019","4","12457"
"HTML","2019","4","11432"
"Swift","2019","4","7394"
"Objective-C","2019","4","6807"
"Rust","2019","4","6356"
"Kotlin","2019","4","6227"
"CSS","2019","4","5510"
"Scala","2019","4","4259"
"Vue","2019","4","3520"
"Jupyter Notebook","2019","4","3255"
"Lua","2019","4","2965"
"Perl","2019","4","2887"
"Groovy","2019","4","2698"
"R","2019","4","2509"
"Emacs Lisp","2019","4","2323"
"Haskell","2019","4","1710"
"PowerShell","2019","4","1595"
"DM","2019","4","1542"
"Clojure","2019","4","1394"
"OCaml","2019","4","1381"
"TSQL","2019","4","1297"
"Jsonnet","2019","4","1207"
"Vim script","2019","4","1205"
"Elixir","2019","4","1118"
"CoffeeScript","2019","4","1110"
"Dockerfile","2019","4","1001"
"Julia","2019","4","924"
"Makefile","2019","4","813"
"Erlang","2019","4","773"
"Vala","2019","4","591"
"F#","2019","4","576"
"TeX","2019","4","543"
"MATLAB","2019","4","520"
"PLpgSQL","2019","4","482"
"Smalltalk","2019","4","445"
"Pascal","2019","4","391"
"CMake","2019","4","330"
"XSLT","2019","4","326"
"Perl 6","2019","4","323"
"ColdFusion","2019","4","320"
"Fortran","2019","4","312"
"Haxe","2019","4","298"
"Common Lisp","2019","4","231"
"ABAP","2019","4","228"
"AutoHotkey","2019","4","212"
"Visual Basic","2019","4","205"
"BitBake","2019","4","202"
"Apex","2019","4","199"
"Nim","2019","4","194"
"D","2019","4","193"
"Crystal","2019","4","185"
"QML","2019","4","178"
"HCL","2019","4","178"
"PLSQL","2019","4","172"
"xBase","2019","4","171"
"Assembly","2019","4","163"
"SourcePawn","2019","4","152"
"GLSL","2019","4","148"
"Nix","2019","4","141"
"Roff","2019","4","141"
"Batchfile","2019","4","126"
"Scheme","2019","4","116"
"Elm","2019","4","110"
"SystemVerilog","2019","4","102"
"Visual Basic .NET","2019","4","100"
"JavaScript","2020","1","121129"
"Python","2020","1","102335"
"Java","2020","1","79791"
"Go","2020","1","58739"
"C++","2020","1","57875"
"PHP","2020","1","46006"
"TypeScript","2020","1","45883"
"C#","2020","1","39434"
"C","2020","1","31790"
"Ruby","2020","1","17525"
"Dart","2020","1","15087"
"Shell","2020","1","12232"
"HTML","2020","1","11348"
"Kotlin","2020","1","7119"
"Swift","2020","1","6664"
"Rust","2020","1","5580"
"CSS","2020","1","5508"
"Objective-C","2020","1","5371"
"Scala","2020","1","5270"
"Lua","2020","1","3958"
"Jupyter Notebook","2020","1","3951"
"Perl","2020","1","2883"
"Vue","2020","1","2710"
"Groovy","2020","1","2682"
"Emacs Lisp","2020","1","2640"
"R","2020","1","2560"
"Haskell","2020","1","1728"
"Elixir","2020","1","1646"
"Dockerfile","2020","1","1533"
"Clojure","2020","1","1475"
"PowerShell","2020","1","1431"
"DM","2020","1","1346"
"OCaml","2020","1","1274"
"Vim script","2020","1","1264"
"CoffeeScript","2020","1","1148"
"TSQL","2020","1","1102"
"Jsonnet","2020","1","980"
"Makefile","2020","1","979"
"Starlark","2020","1","874"
"Vala","2020","1","761"
"Julia","2020","1","690"
"Smalltalk","2020","1","671"
"Erlang","2020","1","648"
"MATLAB","2020","1","587"
"F#","2020","1","502"
"PLpgSQL","2020","1","426"
"TeX","2020","1","410"
"Fortran","2020","1","388"
"ColdFusion","2020","1","359"
"Pascal","2020","1","344"
"CMake","2020","1","295"
"Raku","2020","1","264"
"Haxe","2020","1","256"
"XSLT","2020","1","234"
"HCL","2020","1","224"
"PLSQL","2020","1","217"
"Nim","2020","1","206"
"Assembly","2020","1","196"
"SourcePawn","2020","1","193"
"QML","2020","1","189"
"Common Lisp","2020","1","184"
"AutoHotkey","2020","1","173"
"Nix","2020","1","173"
"RobotFramework","2020","1","172"
"Coq","2020","1","171"
"SWIG","2020","1","162"
"Crystal","2020","1","149"
"BitBake","2020","1","146"
"Visual Basic .NET","2020","1","144"
"F*","2020","1","139"
"D","2020","1","135"
"Roff","2020","1","133"
"GLSL","2020","1","132"
"xBase","2020","1","127"
"ABAP","2020","1","126"
"Reason","2020","1","124"
"Elm","2020","1","119"
"Scheme","2020","1","111"
"UnrealScript","2020","1","102"
"JavaScript","2020","2","137652"
"Python","2020","2","118232"
"Java","2020","2","95193"
"C++","2020","2","67158"
"Go","2020","2","64954"
"PHP","2020","2","50430"
"TypeScript","2020","2","49888"
"C","2020","2","44395"
"C#","2020","2","41928"
"Ruby","2020","2","17899"
"Dart","2020","2","17023"
"Shell","2020","2","14582"
"HTML","2020","2","10942"
"Kotlin","2020","2","9269"
"Swift","2020","2","7416"
"Scala","2020","2","6527"
"Rust","2020","2","6320"
"CSS","2020","2","6203"
"Objective-C","2020","2","6184"
"Jupyter Notebook","2020","2","5423"
"Lua","2020","2","4047"
"Groovy","2020","2","3417"
"Vue","2020","2","3391"
"R","2020","2","3355"
"Emacs Lisp","2020","2","3126"
"Perl","2020","2","3036"
"Haskell","2020","2","2018"
"Elixir","2020","2","2017"
"PowerShell","2020","2","1566"
"Vim script","2020","2","1534"
"Clojure","2020","2","1516"
"OCaml","2020","2","1464"
"CoffeeScript","2020","2","1323"
"TSQL","2020","2","1296"
"Jsonnet","2020","2","1250"
"Dockerfile","2020","2","1188"
"DM","2020","2","1043"
"Smalltalk","2020","2","1036"
"Makefile","2020","2","1007"
"Vala","2020","2","867"
"Starlark","2020","2","815"
"Erlang","2020","2","735"
"Julia","2020","2","694"
"Fortran","2020","2","604"
"MATLAB","2020","2","592"
"F#","2020","2","582"
"ColdFusion","2020","2","533"
"TeX","2020","2","481"
"Pawn","2020","2","473"
"Pascal","2020","2","428"
"Haxe","2020","2","383"
"PLpgSQL","2020","2","328"
"Roff","2020","2","295"
"SourcePawn","2020","2","276"
"Scheme","2020","2","272"
"Common Lisp","2020","2","265"
"Raku","2020","2","257"
"Coq","2020","2","251"
"Nim","2020","2","245"
"CMake","2020","2","243"
"XSLT","2020","2","235"
"BitBake","2020","2","232"
"ABAP","2020","2","208"
"Crystal","2020","2","207"
"Nix","2020","2","206"
"Elm","2020","2","203"
"GLSL","2020","2","202"
"QML","2020","2","187"
"Reason","2020","2","182"
"D","2020","2","180"
"Assembly","2020","2","168"
"Apex","2020","2","167"
"Visual Basic .NET","2020","2","164"
"xBase","2020","2","152"
"HCL","2020","2","150"
"SWIG","2020","2","144"
"PLSQL","2020","2","137"
"Cuda","2020","2","131"
"AutoHotkey","2020","2","120"
"SystemVerilog","2020","2","115"
"F*","2020","2","106"
"Tcl","2020","2","101"
"JavaScript","2020","3","106252"
"Python","2020","3","99476"
"Java","2020","3","80331"
"Go","2020","3","60246"
"C++","2020","3","56163"
"TypeScript","2020","3","40515"
"PHP","2020","3","39725"
"C#","2020","3","35621"
"C","2020","3","28558"
"Ruby","2020","3","15600"
"Dart","2020","3","15467"
"Shell","2020","3","11662"
"HTML","2020","3","9262"
"Kotlin","2020","3","6618"
"Swift","2020","3","5810"
"Scala","2020","3","5178"
"Rust","2020","3","4990"
"Objective-C","2020","3","4975"
"CSS","2020","3","4508"
"Jupyter Notebook","2020","3","3897"
"Lua","2020","3","3560"
"TSQL","2020","3","3557"
"Groovy","2020","3","2969"
"R","2020","3","2692"
"Vue","2020","3","2604"
"Perl","2020","3","2250"
"Emacs Lisp","2020","3","2207"
"Clojure","2020","3","1536"
"Haskell","2020","3","1480"
"DM","2020","3","1253"
"PowerShell","2020","3","1215"
"Vim script","2020","3","1197"
"OCaml","2020","3","1148"
"Starlark","2020","3","1056"
"Dockerfile","2020","3","1031"
"CoffeeScript","2020","3","976"
"Makefile","2020","3","894"
"Jsonnet","2020","3","879"
"Smalltalk","2020","3","757"
"Elixir","2020","3","742"
"Erlang","2020","3","716"
"ColdFusion","2020","3","615"
"MATLAB","2020","3","555"
"Vala","2020","3","506"
"Fortran","2020","3","434"
"TeX","2020","3","391"
"Julia","2020","3","384"
"Pascal","2020","3","380"
"PLpgSQL","2020","3","319"
"ABAP","2020","3","300"
"Roff","2020","3","282"
"F#","2020","3","278"
"Haxe","2020","3","250"
"CMake","2020","3","206"
"XSLT","2020","3","195"
"AutoHotkey","2020","3","179"
"Visual Basic .NET","2020","3","178"
"Common Lisp","2020","3","167"
"SystemVerilog","2020","3","166"
"Assembly","2020","3","161"
"xBase","2020","3","160"
"Raku","2020","3","157"
"Puppet","2020","3","157"
"Nim","2020","3","152"
"PLSQL","2020","3","151"
"Coq","2020","3","150"
"BitBake","2020","3","147"
"Rich Text Format","2020","3","140"
"QML","2020","3","137"
"D","2020","3","136"
"Verilog","2020","3","133"
"SourcePawn","2020","3","128"
"HCL","2020","3","121"
"Pawn","2020","3","117"
"Crystal","2020","3","116"
"Scheme","2020","3","107"
"Elm","2020","3","103"
"SWIG","2020","3","100"
"Python","2020","4","105212"
"JavaScript","2020","4","102561"
"Java","2020","4","71034"
"C++","2020","4","54203"
"Go","2020","4","50721"
"PHP","2020","4","41306"
"TypeScript","2020","4","39111"
"C#","2020","4","35857"
"C","2020","4","28017"
"Ruby","2020","4","15348"
"Dart","2020","4","13553"
"Shell","2020","4","12224"
"HTML","2020","4","9645"
"Kotlin","2020","4","5816"
"Swift","2020","4","5184"
"Scala","2020","4","5074"
"Objective-C","2020","4","4686"
"Rust","2020","4","4446"
"CSS","2020","4","4444"
"Lua","2020","4","3828"
"Jupyter Notebook","2020","4","3437"
"Emacs Lisp","2020","4","2627"
"Vue","2020","4","2507"
"Groovy","2020","4","2466"
"Perl","2020","4","2374"
"R","2020","4","2112"
"Haskell","2020","4","1672"
"CoffeeScript","2020","4","1338"
"Elixir","2020","4","1302"
"DM","2020","4","1288"
"OCaml","2020","4","1208"
"PowerShell","2020","4","1175"
"Vim script","2020","4","1057"
"TSQL","2020","4","1026"
"Clojure","2020","4","1001"
"Dockerfile","2020","4","1001"
"Makefile","2020","4","950"
"Starlark","2020","4","925"
"Jsonnet","2020","4","802"
"Smalltalk","2020","4","746"
"Erlang","2020","4","687"
"F#","2020","4","684"
"Vala","2020","4","624"
"MATLAB","2020","4","610"
"Julia","2020","4","528"
"PLpgSQL","2020","4","400"
"Pascal","2020","4","394"
"ColdFusion","2020","4","392"
"TeX","2020","4","382"
"Fortran","2020","4","360"
"Coq","2020","4","258"
"D","2020","4","234"
"Raku","2020","4","226"
"Nim","2020","4","209"
"PureScript","2020","4","204"
"QML","2020","4","186"
"Assembly","2020","4","179"
"AutoHotkey","2020","4","178"
"Common Lisp","2020","4","177"
"SystemVerilog","2020","4","174"
"Visual Basic .NET","2020","4","164"
"CMake","2020","4","158"
"XSLT","2020","4","148"
"SourcePawn","2020","4","145"
"SWIG","2020","4","144"
"Verilog","2020","4","140"
"Haxe","2020","4","140"
"Elm","2020","4","135"
"Forth","2020","4","121"
"Smarty","2020","4","121"
"Rich Text Format","2020","4","121"
"GLSL","2020","4","113"
"Cuda","2020","4","110"
"xBase","2020","4","104"
"HCL","2020","4","102"
"JavaScript","2021","1","94012"
"Python","2021","1","92828"
"Java","2021","1","69064"
"C++","2021","1","53993"
"Go","2021","1","48933"
"PHP","2021","1","37604"
"TypeScript","2021","1","34733"
"C#","2021","1","33100"
"C","2021","1","29408"
"Ruby","2021","1","16291"
"Dart","2021","1","13991"
"Shell","2021","1","11154"
"HTML","2021","1","8262"
"Scala","2021","1","5054"
"Swift","2021","1","4494"
"Rust","2021","1","4105"
"CSS","2021","1","3939"
"Kotlin","2021","1","3797"
"Jupyter Notebook","2021","1","3748"
"Objective-C","2021","1","3554"
"Lua","2021","1","2858"
"Groovy","2021","1","2289"
"Perl","2021","1","2216"
"R","2021","1","2208"
"Emacs Lisp","2021","1","2150"
"Vue","2021","1","1855"
"Haskell","2021","1","1535"
"Vim script","2021","1","1200"
"DM","2021","1","1143"
"PowerShell","2021","1","1140"
"Starlark","2021","1","978"
"TSQL","2021","1","936"
"Dockerfile","2021","1","929"
"OCaml","2021","1","909"
"Clojure","2021","1","899"
"CoffeeScript","2021","1","863"
"Erlang","2021","1","809"
"Elixir","2021","1","773"
"Jsonnet","2021","1","768"
"Makefile","2021","1","748"
"ColdFusion","2021","1","618"
"F#","2021","1","547"
"MATLAB","2021","1","519"
"PLpgSQL","2021","1","484"
"Vala","2021","1","473"
"Julia","2021","1","450"
"Smalltalk","2021","1","448"
"TeX","2021","1","433"
"Pascal","2021","1","389"
"Fortran","2021","1","339"
"Roff","2021","1","284"
"Coq","2021","1","276"
"Nim","2021","1","268"
"SystemVerilog","2021","1","238"
"Visual Basic .NET","2021","1","201"
"XSLT","2021","1","195"
"Common Lisp","2021","1","181"
"HCL","2021","1","174"
"SourcePawn","2021","1","172"
"CMake","2021","1","167"
"Assembly","2021","1","166"
"Haxe","2021","1","149"
"AutoHotkey","2021","1","147"
"PureScript","2021","1","142"
"BitBake","2021","1","139"
"D","2021","1","129"
"UnrealScript","2021","1","120"
"QML","2021","1","118"
"Raku","2021","1","115"
"Crystal","2021","1","113"
"SWIG","2021","1","103"
"Scheme","2021","1","103"
"Verilog","2021","1","103"
"NASL","2021","1","102"
"Python","2021","2","81101"
"JavaScript","2021","2","80154"
"Java","2021","2","65275"
"C++","2021","2","46918"
"Go","2021","2","43617"
"TypeScript","2021","2","32507"
"PHP","2021","2","30852"
"C#","2021","2","26495"
"C","2021","2","25598"
"Ruby","2021","2","13547"
"Dart","2021","2","13097"
"Shell","2021","2","9161"
"HTML","2021","2","6701"
"Scala","2021","2","5371"
"Swift","2021","2","3752"
"Rust","2021","2","3634"
"Kotlin","2021","2","3364"
"Jupyter Notebook","2021","2","3191"
"Objective-C","2021","2","3021"
"CSS","2021","2","2977"
"Lua","2021","2","2569"
"Groovy","2021","2","2148"
"R","2021","2","2068"
"Perl","2021","2","1953"
"Emacs Lisp","2021","2","1580"
"Haskell","2021","2","1368"
"Vue","2021","2","1283"
"OCaml","2021","2","1225"
"Vim script","2021","2","1177"
"Starlark","2021","2","922"
"PowerShell","2021","2","895"
"DM","2021","2","887"
"Clojure","2021","2","847"
"Erlang","2021","2","736"
"Dockerfile","2021","2","734"
"CoffeeScript","2021","2","701"
"Elixir","2021","2","667"
"TSQL","2021","2","645"
"Makefile","2021","2","608"
"MATLAB","2021","2","577"
"Jsonnet","2021","2","558"
"Julia","2021","2","495"
"Vala","2021","2","489"
"Smalltalk","2021","2","464"
"ColdFusion","2021","2","401"
"Fortran","2021","2","363"
"Pascal","2021","2","349"
"TeX","2021","2","348"
"F#","2021","2","319"
"PLpgSQL","2021","2","278"
"xBase","2021","2","227"
"Visual Basic .NET","2021","2","206"
"HCL","2021","2","194"
"Nim","2021","2","182"
"Coq","2021","2","175"
"SystemVerilog","2021","2","172"
"XSLT","2021","2","170"
"Common Lisp","2021","2","147"
"Raku","2021","2","140"
"NASL","2021","2","127"
"Assembly","2021","2","124"
"QML","2021","2","120"
"SWIG","2021","2","112"
"D","2021","2","107"
"CMake","2021","2","104"
"Python","2021","3","74993"
"JavaScript","2021","3","70147"
"Java","2021","3","56800"
"Go","2021","3","43805"
"C++","2021","3","43546"
"TypeScript","2021","3","29600"
"PHP","2021","3","28798"
"C#","2021","3","24159"
"C","2021","3","23249"
"Dart","2021","3","11023"
"Ruby","2021","3","10534"
"Shell","2021","3","8594"
"HTML","2021","3","6337"
"Scala","2021","3","4019"
"Swift","2021","3","3473"
"Kotlin","2021","3","3269"
"Rust","2021","3","3037"
"Objective-C","2021","3","2996"
"CSS","2021","3","2900"
"Jupyter Notebook","2021","3","2783"
"Lua","2021","3","2253"
"Groovy","2021","3","2238"
"Nix","2021","3","1962"
"R","2021","3","1882"
"Perl","2021","3","1696"
"Emacs Lisp","2021","3","1666"
"OCaml","2021","3","1193"
"Haskell","2021","3","1156"
"Vim script","2021","3","1105"
"Vue","2021","3","1054"
"DM","2021","3","1001"
"Dockerfile","2021","3","772"
"Clojure","2021","3","761"
"Starlark","2021","3","718"
"TSQL","2021","3","694"
"SystemVerilog","2021","3","654"
"Elixir","2021","3","654"
"CoffeeScript","2021","3","624"
"PowerShell","2021","3","615"
"Erlang","2021","3","584"
"Vala","2021","3","554"
"ColdFusion","2021","3","546"
"Makefile","2021","3","508"
"Smalltalk","2021","3","478"
"F#","2021","3","456"
"HCL","2021","3","410"
"PLpgSQL","2021","3","360"
"MATLAB","2021","3","353"
"Julia","2021","3","335"
"TeX","2021","3","323"
"Pascal","2021","3","307"
"Jsonnet","2021","3","288"
"Fortran","2021","3","243"
"Visual Basic .NET","2021","3","224"
"Assembly","2021","3","176"
"Coq","2021","3","152"
"xBase","2021","3","149"
"Nim","2021","3","137"
"Haxe","2021","3","135"
"QML","2021","3","130"
"Common Lisp","2021","3","129"
"CMake","2021","3","114"
"XSLT","2021","3","114"
"Raku","2021","3","103"
"NASL","2021","3","102"
"Python","2021","4","62912"
"JavaScript","2021","4","49678"
"Java","2021","4","41398"
"TypeScript","2021","4","35697"
"Go","2021","4","32131"
"C++","2021","4","32008"
"PHP","2021","4","22307"
"C#","2021","4","19305"
"C","2021","4","16927"
"Ruby","2021","4","8333"
"Shell","2021","4","8037"
"Dart","2021","4","7794"
"HTML","2021","4","5046"
"Kotlin","2021","4","3643"
"Swift","2021","4","2790"
"Rust","2021","4","2675"
"Objective-C","2021","4","2328"
"Scala","2021","4","2208"
"Jupyter Notebook","2021","4","1921"
"Nix","2021","4","1907"
"CSS","2021","4","1723"
"Lua","2021","4","1471"
"DM","2021","4","1404"
"Groovy","2021","4","1397"
"Emacs Lisp","2021","4","1325"
"Perl","2021","4","1316"
"R","2021","4","1012"
"Haskell","2021","4","977"
"OCaml","2021","4","844"
"Vue","2021","4","708"
"Dockerfile","2021","4","702"
"Elixir","2021","4","631"
"Clojure","2021","4","587"
"SystemVerilog","2021","4","534"
"Erlang","2021","4","522"
"Vim script","2021","4","512"
"Pascal","2021","4","507"
"Makefile","2021","4","505"
"SCSS","2021","4","475"
"Nunjucks","2021","4","468"
"Starlark","2021","4","453"
"Smalltalk","2021","4","437"
"PowerShell","2021","4","421"
"ColdFusion","2021","4","417"
"CoffeeScript","2021","4","378"
"Vala","2021","4","367"
"PLpgSQL","2021","4","354"
"TeX","2021","4","338"
"MATLAB","2021","4","307"
"HCL","2021","4","307"
"F#","2021","4","303"
"Jinja","2021","4","299"
"Julia","2021","4","263"
"Less","2021","4","242"
"Visual Basic .NET","2021","4","228"
"Common Lisp","2021","4","212"
"Fortran","2021","4","196"
"Assembly","2021","4","180"
"CodeQL","2021","4","168"
"Roff","2021","4","159"
"Verilog","2021","4","159"
"xBase","2021","4","156"
"Nim","2021","4","153"
"TSQL","2021","4","119"
"QML","2021","4","115"
"Haxe","2021","4","106"
"SourcePawn","2021","4","106"
"Python","2022","1","76748"
"JavaScript","2022","1","53819"
"Java","2022","1","51236"
"C++","2022","1","49472"
"TypeScript","2022","1","43452"
"Go","2022","1","39415"
"PHP","2022","1","29588"
"C","2022","1","22979"
"C#","2022","1","22182"
"Ruby","2022","1","10866"
"Dart","2022","1","9207"
"Shell","2022","1","8925"
"Rust","2022","1","6391"
"HTML","2022","1","5868"
"Kotlin","2022","1","5439"
"Swift","2022","1","4205"
"Scala","2022","1","2799"
"Lua","2022","1","2401"
"Nix","2022","1","2217"
"Objective-C","2022","1","2137"
"Jupyter Notebook","2022","1","2054"
"Perl","2022","1","1903"
"CSS","2022","1","1774"
"Groovy","2022","1","1608"
"Emacs Lisp","2022","1","1303"
"DM","2022","1","1112"
"SystemVerilog","2022","1","1088"
"R","2022","1","1041"
"OCaml","2022","1","1038"
"Haskell","2022","1","993"
"SCSS","2022","1","956"
"PowerShell","2022","1","946"
"Elixir","2022","1","919"
"JSON","2022","1","866"
"ColdFusion","2022","1","858"
"Nunjucks","2022","1","836"
"Vue","2022","1","742"
"Starlark","2022","1","647"
"Dockerfile","2022","1","614"
"Clojure","2022","1","606"
"Makefile","2022","1","563"
"Vim script","2022","1","553"
"Pascal","2022","1","537"
"Erlang","2022","1","465"
"MATLAB","2022","1","434"
"CoffeeScript","2022","1","396"
"Julia","2022","1","385"
"HCL","2022","1","371"
"Smalltalk","2022","1","354"
"TeX","2022","1","348"
"Vala","2022","1","307"
"F#","2022","1","288"
"Jinja","2022","1","277"
"PLpgSQL","2022","1","270"
"Assembly","2022","1","256"
"Visual Basic .NET","2022","1","216"
"Fortran","2022","1","209"
"CodeQL","2022","1","205"
"RobotFramework","2022","1","203"
"xBase","2022","1","182"
"Roff","2022","1","176"
"Common Lisp","2022","1","172"
"Verilog","2022","1","169"
"Raku","2022","1","161"
"CMake","2022","1","152"
"Cython","2022","1","142"
"F*","2022","1","133"
"Game Maker Language","2022","1","123"
"QML","2022","1","118"
"SourcePawn","2022","1","117"
"Factor","2022","1","114"
"XSLT","2022","1","110"
"Nim","2022","1","106"
"Jsonnet","2022","1","101"
"Python","2022","2","69705"
"Java","2022","2","50771"
"JavaScript","2022","2","47361"
"C++","2022","2","43296"
"TypeScript","2022","2","40706"
"Go","2022","2","36295"
"PHP","2022","2","24836"
"C","2022","2","20981"
"C#","2022","2","19668"
"Dart","2022","2","9707"
"Ruby","2022","2","8319"
"Swift","2022","2","6021"
"Shell","2022","2","5990"
"Kotlin","2022","2","5872"
"HTML","2022","2","5691"
"Rust","2022","2","5298"
"Jupyter Notebook","2022","2","2675"
"Scala","2022","2","2381"
"Nix","2022","2","2130"
"Lua","2022","2","2101"
"Objective-C","2022","2","1994"
"Adblock Filter List","2022","2","1903"
"Perl","2022","2","1548"
"Groovy","2022","2","1415"
"DM","2022","2","1087"
"CSS","2022","2","1068"
"Emacs Lisp","2022","2","1049"
"Haskell","2022","2","951"
"R","2022","2","920"
"Elixir","2022","2","851"
"SystemVerilog","2022","2","781"
"PowerShell","2022","2","739"
"Vue","2022","2","725"
"OCaml","2022","2","724"
"Nunjucks","2022","2","700"
"SCSS","2022","2","662"
"Clojure","2022","2","592"
"ColdFusion","2022","2","581"
"Dockerfile","2022","2","546"
"Pascal","2022","2","523"
"JSON","2022","2","501"
"Starlark","2022","2","495"
"Makefile","2022","2","464"
"HCL","2022","2","449"
"Smalltalk","2022","2","441"
"MATLAB","2022","2","438"
"xBase","2022","2","369"
"Julia","2022","2","359"
"Erlang","2022","2","341"
"CoffeeScript","2022","2","301"
"Jinja","2022","2","287"
"PLpgSQL","2022","2","287"
"Vim script","2022","2","263"
"Vala","2022","2","252"
"TeX","2022","2","247"
"F#","2022","2","239"
"CodeQL","2022","2","238"
"Assembly","2022","2","228"
"Roff","2022","2","227"
"Visual Basic .NET","2022","2","225"
"Verilog","2022","2","201"
"Vim Script","2022","2","178"
"Cython","2022","2","161"
"hoon","2022","2","137"
"Fortran","2022","2","131"
"GLSL","2022","2","125"
"QML","2022","2","117"
"Haxe","2022","2","112"
"Raku","2022","2","110"
"Python","2022","3","69372"
"Java","2022","3","47255"
"JavaScript","2022","3","44891"
"C++","2022","3","43698"
"TypeScript","2022","3","43271"
"Go","2022","3","40630"
"PHP","2022","3","25518"
"C","2022","3","21737"
"C#","2022","3","20575"
"Dart","2022","3","9891"
"Ruby","2022","3","8127"
"Shell","2022","3","5619"
"Rust","2022","3","5467"
"Kotlin","2022","3","5182"
"HTML","2022","3","4838"
"Swift","2022","3","4205"
"Groovy","2022","3","2946"
"Lua","2022","3","2362"
"Jupyter Notebook","2022","3","2330"
"Scala","2022","3","2274"
"Objective-C","2022","3","2064"
"Nix","2022","3","2020"
"Adblock Filter List","2022","3","1931"
"Perl","2022","3","1690"
"SystemVerilog","2022","3","1378"
"DM","2022","3","1208"
"CSS","2022","3","1085"
"Haskell","2022","3","969"
"OCaml","2022","3","855"
"Emacs Lisp","2022","3","846"
"Elixir","2022","3","832"
"PowerShell","2022","3","792"
"R","2022","3","700"
"Nunjucks","2022","3","679"
"Makefile","2022","3","679"
"SCSS","2022","3","663"
"Vue","2022","3","646"
"ColdFusion","2022","3","631"
"HCL","2022","3","582"
"Dockerfile","2022","3","567"
"Starlark","2022","3","547"
"Smalltalk","2022","3","408"
"MATLAB","2022","3","399"
"Clojure","2022","3","367"
"Erlang","2022","3","365"
"Julia","2022","3","328"
"F#","2022","3","318"
"CoffeeScript","2022","3","315"
"Visual Basic .NET","2022","3","312"
"Jinja","2022","3","309"
"xBase","2022","3","299"
"Pascal","2022","3","299"
"JSON","2022","3","298"
"TeX","2022","3","255"
"Assembly","2022","3","251"
"PLpgSQL","2022","3","247"
"Cython","2022","3","243"
"Vim Script","2022","3","235"
"Verilog","2022","3","201"
"Reason","2022","3","192"
"Vim script","2022","3","191"
"CodeQL","2022","3","178"
"Vala","2022","3","174"
"MLIR","2022","3","165"
"SourcePawn","2022","3","159"
"Common Lisp","2022","3","159"
"VHDL","2022","3","138"
"GLSL","2022","3","130"
"Cuda","2022","3","125"
"Roff","2022","3","121"
"WebAssembly","2022","3","118"
"GAP","2022","3","116"
"XSLT","2022","3","105"
"Raku","2022","3","105"
"Python","2022","4","68599"
"Java","2022","4","44960"
"TypeScript","2022","4","43355"
"C++","2022","4","42933"
"JavaScript","2022","4","41987"
"Go","2022","4","36832"
"PHP","2022","4","24444"
"C","2022","4","20554"
"C#","2022","4","19317"
"Dart","2022","4","9393"
"Ruby","2022","4","8211"
"Rust","2022","4","6189"
"Shell","2022","4","6004"
"Kotlin","2022","4","5567"
"HTML","2022","4","4238"
"Swift","2022","4","3904"
"Lua","2022","4","2744"
"Jupyter Notebook","2022","4","2414"
"Scala","2022","4","2111"
"Nix","2022","4","2099"
"Perl","2022","4","2064"
"Adblock Filter List","2022","4","1773"
"Objective-C","2022","4","1738"
"Groovy","2022","4","1333"
"CSS","2022","4","1303"
"SystemVerilog","2022","4","1122"
"Haskell","2022","4","1009"
"DM","2022","4","989"
"Emacs Lisp","2022","4","902"
"Elixir","2022","4","781"
"R","2022","4","759"
"OCaml","2022","4","700"
"PowerShell","2022","4","681"
"Vue","2022","4","666"
"Makefile","2022","4","656"
"Nunjucks","2022","4","611"
"SCSS","2022","4","592"
"ColdFusion","2022","4","576"
"Clojure","2022","4","503"
"MLIR","2022","4","481"
"HCL","2022","4","475"
"Dockerfile","2022","4","470"
"Starlark","2022","4","438"
"Smalltalk","2022","4","411"
"Erlang","2022","4","397"
"Pascal","2022","4","373"
"Vim Script","2022","4","371"
"TeX","2022","4","351"
"Julia","2022","4","312"
"CoffeeScript","2022","4","284"
"F#","2022","4","281"
"PLpgSQL","2022","4","279"
"MATLAB","2022","4","274"
"Vala","2022","4","232"
"JSON","2022","4","226"
"Jinja","2022","4","219"
"hoon","2022","4","215"
"Cython","2022","4","203"
"Assembly","2022","4","194"
"Verilog","2022","4","188"
"Roff","2022","4","186"
"CodeQL","2022","4","184"
"xBase","2022","4","139"
"Smarty","2022","4","129"
"GAP","2022","4","129"
"Fortran","2022","4","124"
"Visual Basic .NET","2022","4","123"
"Common Lisp","2022","4","123"
"SWIG","2022","4","95"
"YAML","2022","4","94"
"Vim script","2022","4","94"
"Haxe","2022","4","93"
"GLSL","2022","4","92"
"Raku","2022","4","90"
"Cuda","2022","4","87"
"PostScript","2022","4","83"
"SourcePawn","2022","4","80"
"XSLT","2022","4","79"
"WebAssembly","2022","4","78"
"D","2022","4","77"
"VHDL","2022","4","76"
"Less","2022","4","73"
"CMake","2022","4","72"
"Jsonnet","2022","4","71"
"Scheme","2022","4","70"
"BitBake","2022","4","67"
"Ada","2022","4","66"
"Nim","2022","4","65"
"Batchfile","2022","4","63"
"Standard ML","2022","4","55"
"Crystal","2022","4","53"
"PureScript","2022","4","52"
"ANTLR","2022","4","51"
"QML","2022","4","49"
"Tcl","2022","4","46"
"Puppet","2022","4","45"
"Blade","2022","4","44"
"ZAP","2022","4","43"
"AutoHotkey","2022","4","42"
"PLSQL","2022","4","39"