"name","year","quarter","count"
"Ruby","2012","2","18117"
"Python","2012","2","16557"
"JavaScript","2012","2","16411"
"PHP","2012","2","14460"
"Java","2012","2","8006"
"C++","2012","2","4879"
"C","2012","2","4217"
"C#","2012","2","1866"
"Scala","2012","2","1848"
"Objective-C","2012","2","1674"
"Shell","2012","2","1284"
"HTML","2012","2","1272"
"Perl","2012","2","967"
"CoffeeScript","2012","2","793"
"Haskell","2012","2","723"
"Erlang","2012","2","644"
"CSS","2012","2","622"
"Emacs Lisp","2012","2","495"
"Clojure","2012","2","430"
"Lua","2012","2","344"
"Go","2012","2","324"
"Groovy","2012","2","210"
"Puppet","2012","2","189"
"VimL","2012","2","185"
"XSLT","2012","2","171"
"Objective-J","2012","2","127"
"nesC","2012","2","108"
"TypeScript","2012","2","101"
"JavaScript","2012","3","20283"
"Python","2012","3","19538"
"Ruby","2012","3","19325"
"PHP","2012","3","17828"
"Java","2012","3","10093"
"C++","2012","3","5900"
"C","2012","3","5665"
"Scala","2012","3","2439"
"C#","2012","3","1975"
"Objective-C","2012","3","1925"
"Shell","2012","3","1716"
"HTML","2012","3","1703"
"Perl","2012","3","1221"
"CoffeeScript","2012","3","1029"
"Haskell","2012","3","1023"
"CSS","2012","3","756"
"Erlang","2012","3","683"
"Go","2012","3","572"
"Clojure","2012","3","568"
"Emacs Lisp","2012","3","505"
"Lua","2012","3","432"
"Groovy","2012","3","349"
"VimL","2012","3","248"
"nesC","2012","3","227"
"OCaml","2012","3","220"
"Objective-C++","2012","3","207"
"Puppet","2012","3","147"
"Objective-J","2012","3","141"
"XSLT","2012","3","139"
"Ruby","2012","4","23998"
"Python","2012","4","22988"
"JavaScript","2012","4","22485"
"PHP","2012","4","19447"
"Java","2012","4","13383"
"C","2012","4","7174"
"C++","2012","4","6929"
"C#","2012","4","2480"
"Objective-C","2012","4","2333"
"Scala","2012","4","2103"
"HTML","2012","4","2103"
"Shell","2012","4","1660"
"Perl","2012","4","1463"
"Haskell","2012","4","1310"
"CoffeeScript","2012","4","1133"
"CSS","2012","4","1046"
"Go","2012","4","833"
"Erlang","2012","4","812"
"Clojure","2012","4","658"
"Lua","2012","4","539"
"Emacs Lisp","2012","4","496"
"Groovy","2012","4","369"
"VimL","2012","4","311"
"nesC","2012","4","304"
"TypeScript","2012","4","293"
"Puppet","2012","4","290"
"OCaml","2012","4","244"
"Delphi","2012","4","124"
"Jupyter Notebook","2012","4","121"
"Common Lisp","2012","4","104"
"Ruby","2013","1","34510"
"JavaScript","2013","1","33897"
"Python","2013","1","32238"
"PHP","2013","1","27349"
"Java","2013","1","19844"
"C","2013","1","8731"
"C++","2013","1","8467"
"Objective-C","2013","1","3720"
"C#","2013","1","3682"
"HTML","2013","1","3437"
"Scala","2013","1","2933"
"Shell","2013","1","2826"
"CoffeeScript","2013","1","1939"
"CSS","2013","1","1919"
"Perl","2013","1","1856"
"Haskell","2013","1","1543"
"Go","2013","1","1343"
"Erlang","2013","1","959"
"Emacs Lisp","2013","1","903"
"nesC","2013","1","809"
"Clojure","2013","1","709"
"TypeScript","2013","1","681"
"Lua","2013","1","418"
"Groovy","2013","1","412"
"Puppet","2013","1","341"
"OCaml","2013","1","324"
"VimL","2013","1","299"
"Objective-J","2013","1","248"
"Pascal","2013","1","180"
"SQF","2013","1","172"
"DM","2013","1","168"
"Matlab","2013","1","156"
"Julia","2013","1","155"
"Jupyter Notebook","2013","1","130"
"Smalltalk","2013","1","130"
"XSLT","2013","1","127"
"PowerShell","2013","1","108"
"ActionScript","2013","1","104"
"R","2013","1","103"
"F#","2013","1","102"
"Python","2013","2","40260"
"JavaScript","2013","2","39445"
"Ruby","2013","2","37890"
"PHP","2013","2","29883"
"Java","2013","2","20330"
"C++","2013","2","11076"
"C","2013","2","9514"
"C#","2013","2","4705"
"Objective-C","2013","2","4375"
"HTML","2013","2","4310"
"Perl","2013","2","3134"
"Scala","2013","2","2822"
"CSS","2013","2","2591"
"Shell","2013","2","2546"
"Go","2013","2","2379"
"CoffeeScript","2013","2","1877"
"Haskell","2013","2","1363"
"Erlang","2013","2","1090"
"TypeScript","2013","2","1043"
"Emacs Lisp","2013","2","918"
"nesC","2013","2","837"
"DM","2013","2","817"
"Lua","2013","2","793"
"Clojure","2013","2","744"
"OCaml","2013","2","559"
"Puppet","2013","2","525"
"Groovy","2013","2","430"
"VimL","2013","2","428"
"Common Lisp","2013","2","322"
"Dart","2013","2","211"
"Julia","2013","2","182"
"Smalltalk","2013","2","174"
"Jupyter Notebook","2013","2","168"
"Perl6","2013","2","154"
"Haxe","2013","2","152"
"XSLT","2013","2","147"
"Rust","2013","2","138"
"Vala","2013","2","135"
"F#","2013","2","125"
"Makefile","2013","2","123"
"Pascal","2013","2","122"
"Objective-J","2013","2","100"
"JavaScript","2013","3","48213"
"Python","2013","3","47380"
"Ruby","2013","3","40999"
"PHP","2013","3","32394"
"Java","2013","3","24520"
"C++","2013","3","13640"
"C","2013","3","11128"
"HTML","2013","3","5576"
"C#","2013","3","5292"
"Objective-C","2013","3","5137"
"CSS","2013","3","4603"
"Go","2013","3","3746"
"Shell","2013","3","3463"
"Scala","2013","3","3455"
"Perl","2013","3","2628"
"CoffeeScript","2013","3","2510"
"Haskell","2013","3","1591"
"TypeScript","2013","3","1474"
"Emacs Lisp","2013","3","1315"
"OCaml","2013","3","1231"
"Erlang","2013","3","1131"
"Lua","2013","3","971"
"Puppet","2013","3","962"
"DM","2013","3","877"
"Clojure","2013","3","857"
"Groovy","2013","3","718"
"VimL","2013","3","707"
"Dart","2013","3","434"
"Makefile","2013","3","398"
"Jupyter Notebook","2013","3","333"
"XSLT","2013","3","285"
"Haxe","2013","3","254"
"Julia","2013","3","250"
"TeX","2013","3","244"
"nesC","2013","3","228"
"Rust","2013","3","199"
"Smalltalk","2013","3","194"
"F#","2013","3","175"
"Common Lisp","2013","3","158"
"R","2013","3","157"
"Assembly","2013","3","156"
"FORTRAN","2013","3","143"
"Pascal","2013","3","126"
"D","2013","3","125"
"Perl6","2013","3","124"
"PowerShell","2013","3","124"
"Objective-C++","2013","3","116"
"Matlab","2013","3","114"
"Elixir","2013","3","111"
"GCC Machine Description","2013","3","110"
"Game Maker Language","2013","3","110"
"Mako","2013","3","109"
"Vala","2013","3","104"
"CMake","2013","3","101"
"JavaScript","2013","4","61846"
"Python","2013","4","56006"
"Ruby","2013","4","47739"
"PHP","2013","4","39575"
"Java","2013","4","32160"
"C++","2013","4","17599"
"C","2013","4","14067"
"HTML","2013","4","8423"
"C#","2013","4","7542"
"CSS","2013","4","7024"
"Objective-C","2013","4","6770"
"Go","2013","4","5180"
"Shell","2013","4","5034"
"CoffeeScript","2013","4","4156"
"Scala","2013","4","4008"
"Perl","2013","4","2349"
"Haskell","2013","4","1961"
"Erlang","2013","4","1712"
"Puppet","2013","4","1602"
"OCaml","2013","4","1470"
"TypeScript","2013","4","1453"
"Emacs Lisp","2013","4","1385"
"Lua","2013","4","1043"
"DM","2013","4","1041"
"Groovy","2013","4","1014"
"Clojure","2013","4","975"
"GCC Machine Description","2013","4","946"
"Dart","2013","4","779"
"TeX","2013","4","668"
"nesC","2013","4","652"
"Julia","2013","4","530"
"Rust","2013","4","483"
"R","2013","4","458"
"VimL","2013","4","441"
"F#","2013","4","403"
"Makefile","2013","4","365"
"XSLT","2013","4","258"
"Jupyter Notebook","2013","4","241"
"PowerShell","2013","4","240"
"Haxe","2013","4","237"
"D","2013","4","163"
"Logos","2013","4","156"
"Smalltalk","2013","4","151"
"Matlab","2013","4","136"
"ColdFusion","2013","4","133"
"CMake","2013","4","131"
"ActionScript","2013","4","130"
"Game Maker Language","2013","4","120"
"Common Lisp","2013","4","115"
"BitBake","2013","4","114"
"QML","2013","4","111"
"Objective-C++","2013","4","103"
"Assembly","2013","4","103"
"Swift","2013","4","100"
"JavaScript","2014","1","84127"
"Python","2014","1","70108"
"Ruby","2014","1","60698"
"PHP","2014","1","52273"
"Java","2014","1","41225"
"C++","2014","1","24408"
"C","2014","1","18942"
"HTML","2014","1","12014"
"CSS","2014","1","10082"
"Objective-C","2014","1","8806"
"C#","2014","1","8297"
"Go","2014","1","7043"
"Shell","2014","1","6312"
"CoffeeScript","2014","1","6171"
"Scala","2014","1","6052"
"Perl","2014","1","2887"
"Haskell","2014","1","2657"
"Lua","2014","1","2274"
"TypeScript","2014","1","2066"
"Erlang","2014","1","1982"
"Emacs Lisp","2014","1","1932"
"Clojure","2014","1","1820"
"Puppet","2014","1","1543"
"DM","2014","1","1542"
"OCaml","2014","1","1516"
"Groovy","2014","1","1503"
"Dart","2014","1","1341"
"Rust","2014","1","909"
"Makefile","2014","1","774"
"Julia","2014","1","759"
"VimL","2014","1","708"
"nesC","2014","1","708"
"F#","2014","1","679"
"GCC Machine Description","2014","1","590"
"Jupyter Notebook","2014","1","575"
"Haxe","2014","1","569"
"XSLT","2014","1","408"
"TeX","2014","1","407"
"R","2014","1","382"
"CMake","2014","1","371"
"D","2014","1","338"
"PowerShell","2014","1","295"
"PLSQL","2014","1","275"
"Elixir","2014","1","264"
"ActionScript","2014","1","259"
"Apex","2014","1","243"
"FORTRAN","2014","1","211"
"QML","2014","1","199"
"Smalltalk","2014","1","189"
"Pan","2014","1","183"
"Common Lisp","2014","1","176"
"Objective-C++","2014","1","171"
"Assembly","2014","1","170"
"Matlab","2014","1","157"
"Vala","2014","1","156"
"Pascal","2014","1","145"
"Swift","2014","1","130"
"PLpgSQL","2014","1","123"
"Perl6","2014","1","109"
"Cucumber","2014","1","103"
"Tcl","2014","1","102"
"JavaScript","2014","2","97564"
"Python","2014","2","80016"
"Ruby","2014","2","65632"
"PHP","2014","2","51994"
"Java","2014","2","48396"
"C++","2014","2","28633"
"C","2014","2","19592"
"HTML","2014","2","15689"
"CSS","2014","2","12379"
"C#","2014","2","10917"
"Go","2014","2","10520"
"Objective-C","2014","2","9155"
"CoffeeScript","2014","2","7376"
"Shell","2014","2","7200"
"Scala","2014","2","6024"
"Perl","2014","2","3356"
"Haskell","2014","2","3309"
"TypeScript","2014","2","2693"
"Rust","2014","2","2487"
"Lua","2014","2","2428"
"OCaml","2014","2","1963"
"Erlang","2014","2","1959"
"Clojure","2014","2","1737"
"Groovy","2014","2","1575"
"Emacs Lisp","2014","2","1535"
"Puppet","2014","2","1434"
"DM","2014","2","1190"
"Dart","2014","2","1152"
"Makefile","2014","2","887"
"GCC Machine Description","2014","2","872"
"F#","2014","2","776"
"Haxe","2014","2","758"
"Julia","2014","2","751"
"VimL","2014","2","700"
"R","2014","2","688"
"Jupyter Notebook","2014","2","641"
"PLSQL","2014","2","555"
"FORTRAN","2014","2","548"
"PLpgSQL","2014","2","514"
"Swift","2014","2","500"
"nesC","2014","2","491"
"TeX","2014","2","395"
"ActionScript","2014","2","388"
"Matlab","2014","2","353"
"Elixir","2014","2","347"
"PowerShell","2014","2","333"
"XSLT","2014","2","296"
"Smalltalk","2014","2","281"
"Objective-C++","2014","2","267"
"Assembly","2014","2","263"
"CMake","2014","2","262"
"D","2014","2","257"
"Apex","2014","2","207"
"Common Lisp","2014","2","166"
"Liquid","2014","2","164"
"Pascal","2014","2","150"
"QML","2014","2","148"
"Pan","2014","2","145"
"ApacheConf","2014","2","136"
"Perl6","2014","2","135"
"Red","2014","2","133"
"SQL","2014","2","121"
"Vala","2014","2","112"
"Objective-J","2014","2","110"
"Eagle","2014","2","109"
"Protocol Buffer","2014","2","102"
"Web Ontology Language","2014","2","100"
"Standard ML","2014","2","100"
"JavaScript","2014","3","115824"
"Python","2014","3","88466"
"Ruby","2014","3","73109"
"PHP","2014","3","59340"
"Java","2014","3","53975"
"C++","2014","3","33687"
"C","2014","3","21453"
"HTML","2014","3","19455"
"Go","2014","3","16232"
"CSS","2014","3","13290"
"C#","2014","3","12087"
"Shell","2014","3","9943"
"Objective-C","2014","3","9198"
"CoffeeScript","2014","3","8098"
"Scala","2014","3","7318"
"TypeScript","2014","3","4395"
"Rust","2014","3","4312"
"Perl","2014","3","3973"
"Haskell","2014","3","3703"
"Lua","2014","3","2958"
"Clojure","2014","3","2508"
"OCaml","2014","3","2027"
"Swift","2014","3","1857"
"Erlang","2014","3","1852"
"Groovy","2014","3","1678"
"Puppet","2014","3","1617"
"Makefile","2014","3","1594"
"Emacs Lisp","2014","3","1498"
"DM","2014","3","1347"
"Dart","2014","3","1246"
"Julia","2014","3","1177"
"GCC Machine Description","2014","3","1054"
"PLSQL","2014","3","971"
"Jupyter Notebook","2014","3","805"
"PLpgSQL","2014","3","801"
"F#","2014","3","770"
"Elixir","2014","3","721"
"VimL","2014","3","628"
"ActionScript","2014","3","603"
"FORTRAN","2014","3","553"
"R","2014","3","541"
"D","2014","3","475"
"PowerShell","2014","3","463"
"Haxe","2014","3","447"
"TeX","2014","3","376"
"Matlab","2014","3","351"
"CMake","2014","3","337"
"Common Lisp","2014","3","335"
"Kotlin","2014","3","319"
"XSLT","2014","3","285"
"Smalltalk","2014","3","258"
"Apex","2014","3","230"
"QML","2014","3","217"
"Assembly","2014","3","211"
"PureScript","2014","3","165"
"Pascal","2014","3","160"
"Liquid","2014","3","147"
"XQuery","2014","3","143"
"Objective-C++","2014","3","142"
"Perl6","2014","3","142"
"Objective-J","2014","3","141"
"Tcl","2014","3","139"
"Arduino","2014","3","134"
"Cucumber","2014","3","132"
"ApacheConf","2014","3","125"
"Vala","2014","3","122"
"Protocol Buffer","2014","3","121"
"Scheme","2014","3","105"
"KiCad","2014","3","102"
"Xtend","2014","3","101"
"JavaScript","2014","4","129554"
"Python","2014","4","97203"
"Ruby","2014","4","79569"
"Java","2014","4","64415"
"PHP","2014","4","61996"
"C++","2014","4","38832"
"C","2014","4","24306"
"HTML","2014","4","21826"
"Go","2014","4","18899"
"CSS","2014","4","15474"
"C#","2014","4","14295"
"Shell","2014","4","11911"
"Objective-C","2014","4","9130"
"Scala","2014","4","8139"
"CoffeeScript","2014","4","7624"
"Rust","2014","4","6686"
"Perl","2014","4","4922"
"TypeScript","2014","4","4718"
"Haskell","2014","4","4038"
"Lua","2014","4","3282"
"Swift","2014","4","2806"
"Clojure","2014","4","2753"
"Erlang","2014","4","2145"
"DM","2014","4","2107"
"Puppet","2014","4","1954"
"Makefile","2014","4","1768"
"OCaml","2014","4","1755"
"Emacs Lisp","2014","4","1750"
"Groovy","2014","4","1727"
"Kotlin","2014","4","1103"
"PLSQL","2014","4","1078"
"Julia","2014","4","1075"
"Dart","2014","4","1035"
"F#","2014","4","1014"
"GCC Machine Description","2014","4","898"
"VimL","2014","4","878"
"R","2014","4","779"
"Jupyter Notebook","2014","4","644"
"Elixir","2014","4","586"
"PowerShell","2014","4","585"
"CMake","2014","4","560"
"Matlab","2014","4","557"
"PLpgSQL","2014","4","540"
"TeX","2014","4","538"
"Visual Basic","2014","4","528"
"XSLT","2014","4","511"
"FORTRAN","2014","4","502"
"Cucumber","2014","4","492"
"Haxe","2014","4","461"
"D","2014","4","368"
"PureScript","2014","4","310"
"Common Lisp","2014","4","297"
"Smalltalk","2014","4","280"
"QML","2014","4","242"
"ApacheConf","2014","4","241"
"ActionScript","2014","4","213"
"Objective-C++","2014","4","209"
"ooc","2014","4","208"
"Elm","2014","4","185"
"Perl6","2014","4","173"
"Apex","2014","4","172"
"Standard ML","2014","4","161"
"SQF","2014","4","144"
"Pascal","2014","4","144"
"Scheme","2014","4","142"
"M4","2014","4","141"
"ASP","2014","4","132"
"XQuery","2014","4","128"
"Tcl","2014","4","127"
"Protocol Buffer","2014","4","124"
"Objective-J","2014","4","123"
"Cuda","2014","4","118"
"KiCad","2014","4","115"
"Vala","2014","4","112"
"Eagle","2014","4","105"
"JavaScript","2015","1","171489"
"Python","2015","1","130483"
"Ruby","2015","1","98196"
"Java","2015","1","87660"
"PHP","2015","1","84324"
"C++","2015","1","46080"
"HTML","2015","1","34311"
"C","2015","1","32060"
"Go","2015","1","26849"
"C#","2015","1","25029"
"CSS","2015","1","20460"
"Shell","2015","1","15884"
"Objective-C","2015","1","12278"
"Scala","2015","1","10370"
"CoffeeScript","2015","1","9467"
"Rust","2015","1","9461"
"TypeScript","2015","1","7103"
"Perl","2015","1","6116"
"Haskell","2015","1","5375"
"Lua","2015","1","4495"
"Swift","2015","1","4456"
"Clojure","2015","1","3593"
"Makefile","2015","1","2937"
"Puppet","2015","1","2752"
"Erlang","2015","1","2723"
"DM","2015","1","2540"
"Groovy","2015","1","2329"
"Emacs Lisp","2015","1","2280"
"OCaml","2015","1","1947"
"R","2015","1","1620"
"Julia","2015","1","1485"
"Dart","2015","1","1306"
"Jupyter Notebook","2015","1","1168"
"F#","2015","1","1124"
"VimL","2015","1","1123"
"GCC Machine Description","2015","1","1115"
"Visual Basic","2015","1","845"
"PowerShell","2015","1","769"
"ApacheConf","2015","1","719"
"Elixir","2015","1","703"
"Kotlin","2015","1","692"
"TeX","2015","1","680"
"Matlab","2015","1","662"
"FORTRAN","2015","1","655"
"Haxe","2015","1","635"
"QML","2015","1","490"
"PLSQL","2015","1","478"
"Thrift","2015","1","447"
"PureScript","2015","1","417"
"Common Lisp","2015","1","409"
"CMake","2015","1","398"
"XSLT","2015","1","391"
"PLpgSQL","2015","1","391"
"D","2015","1","372"
"Elm","2015","1","358"
"Objective-C++","2015","1","352"
"Perl6","2015","1","346"
"SQF","2015","1","333"
"Cucumber","2015","1","322"
"Assembly","2015","1","311"
"Vala","2015","1","268"
"Tcl","2015","1","257"
"Apex","2015","1","250"
"Eagle","2015","1","248"
"Smalltalk","2015","1","247"
"HCL","2015","1","208"
"ActionScript","2015","1","204"
"Standard ML","2015","1","204"
"M4","2015","1","200"
"Processing","2015","1","198"
"GAP","2015","1","190"
"Arduino","2015","1","184"
"Racket","2015","1","181"
"ooc","2015","1","177"
"ASP","2015","1","175"
"Pascal","2015","1","165"
"KiCad","2015","1","162"
"SourcePawn","2015","1","161"
"XQuery","2015","1","149"
"Groff","2015","1","139"
"SaltStack","2015","1","138"
"Scheme","2015","1","133"
"ColdFusion","2015","1","129"
"Liquid","2015","1","127"
"Web Ontology Language","2015","1","121"
"Cuda","2015","1","115"
"Objective-J","2015","1","105"
"Protocol Buffer","2015","1","103"
"Smarty","2015","1","101"
"Game Maker Language","2015","1","100"
"JavaScript","2015","2","198108"
"Python","2015","2","148792"
"Java","2015","2","104720"
"Ruby","2015","2","101633"
"PHP","2015","2","88083"
"C++","2015","2","50167"
"HTML","2015","2","42444"
"C","2015","2","37462"
"Go","2015","2","37144"
"C#","2015","2","30272"
"CSS","2015","2","22798"
"Shell","2015","2","18548"
"Objective-C","2015","2","14425"
"Scala","2015","2","11307"
"TypeScript","2015","2","11148"
"CoffeeScript","2015","2","10596"
"Rust","2015","2","9941"
"Swift","2015","2","6550"
"Perl","2015","2","6447"
"Haskell","2015","2","5589"
"Lua","2015","2","5257"
"Clojure","2015","2","3878"
"Erlang","2015","2","3249"
"DM","2015","2","3207"
"Groovy","2015","2","2871"
"OCaml","2015","2","2420"
"Puppet","2015","2","2207"
"Emacs Lisp","2015","2","1991"
"Makefile","2015","2","1963"
"PowerShell","2015","2","1935"
"Julia","2015","2","1921"
"Dart","2015","2","1685"
"R","2015","2","1647"
"Elixir","2015","2","1451"
"GCC Machine Description","2015","2","1437"
"Jupyter Notebook","2015","2","1338"
"F#","2015","2","1195"
"VimL","2015","2","1159"
"Visual Basic","2015","2","970"
"TeX","2015","2","948"
"Thrift","2015","2","905"
"Kotlin","2015","2","868"
"PureScript","2015","2","864"
"Matlab","2015","2","822"
"Haxe","2015","2","793"
"FORTRAN","2015","2","734"
"Perl6","2015","2","617"
"HCL","2015","2","612"
"ApacheConf","2015","2","597"
"PLpgSQL","2015","2","568"
"QML","2015","2","567"
"CMake","2015","2","526"
"Processing","2015","2","514"
"Objective-C++","2015","2","510"
"XSLT","2015","2","496"
"Vala","2015","2","384"
"D","2015","2","379"
"Elm","2015","2","368"
"AutoIt","2015","2","352"
"Common Lisp","2015","2","345"
"Smalltalk","2015","2","314"
"ActionScript","2015","2","305"
"SQF","2015","2","276"
"PLSQL","2015","2","276"
"Groff","2015","2","275"
"Assembly","2015","2","267"
"ooc","2015","2","264"
"Apex","2015","2","259"
"Cuda","2015","2","221"
"Cucumber","2015","2","215"
"Racket","2015","2","212"
"Scheme","2015","2","212"
"Arduino","2015","2","204"
"Standard ML","2015","2","196"
"Pascal","2015","2","184"
"Verilog","2015","2","176"
"Protocol Buffer","2015","2","152"
"Tcl","2015","2","147"
"GDScript","2015","2","145"
"KiCad","2015","2","142"
"Red","2015","2","118"
"Eagle","2015","2","114"
"Batchfile","2015","2","113"
"POV-Ray SDL","2015","2","104"
"ColdFusion","2015","2","101"
"JavaScript","2015","3","236531"
"Python","2015","3","170900"
"Java","2015","3","114794"
"Ruby","2015","3","110661"
"PHP","2015","3","96536"
"C++","2015","3","58829"
"HTML","2015","3","55588"
"Go","2015","3","47880"
"C","2015","3","42676"
"C#","2015","3","34921"
"CSS","2015","3","30240"
"Shell","2015","3","24692"
"Objective-C","2015","3","16625"
"Scala","2015","3","12781"
"TypeScript","2015","3","11877"
"CoffeeScript","2015","3","11484"
"Swift","2015","3","9768"
"Rust","2015","3","8543"
"Haskell","2015","3","6069"
"Perl","2015","3","6040"
"Clojure","2015","3","5473"
"Lua","2015","3","5106"
"Erlang","2015","3","3978"
"Julia","2015","3","3709"
"Jupyter Notebook","2015","3","3442"
"DM","2015","3","3441"
"Groovy","2015","3","2925"
"PowerShell","2015","3","2626"
"R","2015","3","2349"
"OCaml","2015","3","2283"
"Puppet","2015","3","2172"
"Makefile","2015","3","2136"
"Emacs Lisp","2015","3","2121"
"Elixir","2015","3","2109"
"GCC Machine Description","2015","3","1633"
"ApacheConf","2015","3","1489"
"F#","2015","3","1294"
"Visual Basic","2015","3","1210"
"Dart","2015","3","1156"
"TeX","2015","3","1135"
"VimL","2015","3","1122"
"Thrift","2015","3","997"
"CMake","2015","3","992"
"PureScript","2015","3","945"
"PLpgSQL","2015","3","905"
"Matlab","2015","3","843"
"Kotlin","2015","3","819"
"Haxe","2015","3","686"
"XSLT","2015","3","663"
"Elm","2015","3","564"
"FORTRAN","2015","3","514"
"Groff","2015","3","511"
"Racket","2015","3","480"
"D","2015","3","471"
"QML","2015","3","466"
"Perl6","2015","3","456"
"Objective-C++","2015","3","452"
"ooc","2015","3","440"
"HCL","2015","3","403"
"ActionScript","2015","3","366"
"Standard ML","2015","3","348"
"Cucumber","2015","3","331"
"Pascal","2015","3","330"
"Common Lisp","2015","3","328"
"Web Ontology Language","2015","3","324"
"SQF","2015","3","322"
"Vala","2015","3","301"
"Protocol Buffer","2015","3","300"
"Smalltalk","2015","3","297"
"Arduino","2015","3","275"
"SaltStack","2015","3","270"
"Assembly","2015","3","229"
"Apex","2015","3","209"
"KiCad","2015","3","206"
"Batchfile","2015","3","202"
"Cuda","2015","3","198"
"Eagle","2015","3","187"
"BitBake","2015","3","174"
"Nginx","2015","3","166"
"ColdFusion","2015","3","163"
"Crystal","2015","3","160"
"Processing","2015","3","156"
"SourcePawn","2015","3","151"
"Red","2015","3","149"
"AGS Script","2015","3","145"
"PLSQL","2015","3","136"
"Tcl","2015","3","121"
"Mathematica","2015","3","113"
"GAP","2015","3","111"
"IDL","2015","3","100"
"JavaScript","2015","4","299806"
"Python","2015","4","182989"
"Java","2015","4","131888"
"Ruby","2015","4","130595"
"PHP","2015","4","109261"
"C++","2015","4","62678"
"HTML","2015","4","60793"
"Go","2015","4","55300"
"C","2015","4","46466"
"C#","2015","4","42445"
"CSS","2015","4","32462"
"Shell","2015","4","27230"
"Objective-C","2015","4","17711"
"TypeScript","2015","4","14529"
"Scala","2015","4","13786"
"Swift","2015","4","13187"
"CoffeeScript","2015","4","11647"
"Rust","2015","4","8832"
"Clojure","2015","4","6331"
"Perl","2015","4","6230"
"Haskell","2015","4","5950"
"Lua","2015","4","5368"
"DM","2015","4","4629"
"Erlang","2015","4","3500"
"Jupyter Notebook","2015","4","3372"
"Makefile","2015","4","3372"
"Groovy","2015","4","3287"
"Julia","2015","4","3066"
"PowerShell","2015","4","2904"
"OCaml","2015","4","2650"
"Elixir","2015","4","2521"
"Emacs Lisp","2015","4","2492"
"Puppet","2015","4","2234"
"R","2015","4","2208"
"F#","2015","4","2050"
"Visual Basic","2015","4","1884"
"Kotlin","2015","4","1831"
"TeX","2015","4","1821"
"ApacheConf","2015","4","1716"
"GCC Machine Description","2015","4","1501"
"Dart","2015","4","1493"
"VimL","2015","4","1457"
"Perl6","2015","4","1165"
"ooc","2015","4","1124"
"Assembly","2015","4","931"
"Matlab","2015","4","916"
"PLpgSQL","2015","4","886"
"Haxe","2015","4","813"
"PureScript","2015","4","803"
"CMake","2015","4","709"
"XSLT","2015","4","695"
"FORTRAN","2015","4","649"
"Elm","2015","4","633"
"Objective-C++","2015","4","565"
"Apex","2015","4","438"
"QML","2015","4","437"
"Groff","2015","4","429"
"D","2015","4","400"
"HCL","2015","4","391"
"ActionScript","2015","4","366"
"Common Lisp","2015","4","364"
"Arduino","2015","4","328"
"Racket","2015","4","326"
"ColdFusion","2015","4","310"
"Protocol Buffer","2015","4","303"
"Standard ML","2015","4","298"
"Pascal","2015","4","293"
"Smalltalk","2015","4","289"
"Web Ontology Language","2015","4","283"
"AGS Script","2015","4","268"
"Crystal","2015","4","260"
"Batchfile","2015","4","254"
"Cucumber","2015","4","247"
"Eagle","2015","4","240"
"SQF","2015","4","231"
"SaltStack","2015","4","230"
"Hack","2015","4","202"
"GAP","2015","4","199"
"Nginx","2015","4","198"
"Tcl","2015","4","195"
"BitBake","2015","4","182"
"SourcePawn","2015","4","181"
"Vala","2015","4","175"
"Eiffel","2015","4","167"
"GLSL","2015","4","157"
"Red","2015","4","157"
"Nix","2015","4","148"
"Cuda","2015","4","147"
"Processing","2015","4","137"
"KiCad","2015","4","135"
"Smarty","2015","4","130"
"API Blueprint","2015","4","129"
"LLVM","2015","4","125"
"Scheme","2015","4","122"
"OpenEdge ABL","2015","4","120"
"Slash","2015","4","117"
"Game Maker Language","2015","4","110"
"Nimrod","2015","4","108"
"PLSQL","2015","4","106"
"GDScript","2015","4","103"
"IDL","2015","4","103"
"Mathematica","2015","4","103"
"POV-Ray SDL","2015","4","103"
"JavaScript","2016","1","382098"
"Python","2016","1","208898"
"Java","2016","1","153424"
"Ruby","2016","1","149918"
"PHP","2016","1","124693"
"HTML","2016","1","74984"
"C++","2016","1","74533"
"Go","2016","1","69108"
"C","2016","1","51259"
"C#","2016","1","46417"
"CSS","2016","1","42292"
"Shell","2016","1","31312"
"Objective-C","2016","1","20137"
"TypeScript","2016","1","19977"
"Swift","2016","1","17312"
"Scala","2016","1","17065"
"Rust","2016","1","12869"
"CoffeeScript","2016","1","12394"
"Perl","2016","1","7985"
"Lua","2016","1","6323"
"Haskell","2016","1","6086"
"DM","2016","1","5449"
"Clojure","2016","1","5379"
"Jupyter Notebook","2016","1","4687"
"Groovy","2016","1","4496"
"Makefile","2016","1","4297"
"PowerShell","2016","1","3614"
"Erlang","2016","1","3598"
"OCaml","2016","1","3343"
"Puppet","2016","1","3293"
"Visual Basic","2016","1","3230"
"Elixir","2016","1","3130"
"R","2016","1","3041"
"Julia","2016","1","2576"
"Emacs Lisp","2016","1","2571"
"TeX","2016","1","2219"
"Kotlin","2016","1","2167"
"F#","2016","1","2140"
"VimL","2016","1","1708"
"GCC Machine Description","2016","1","1663"
"Matlab","2016","1","1442"
"Dart","2016","1","1337"
"Haxe","2016","1","1017"
"PureScript","2016","1","921"
"XSLT","2016","1","884"
"Apex","2016","1","865"
"FORTRAN","2016","1","859"
"PLpgSQL","2016","1","841"
"ooc","2016","1","834"
"Assembly","2016","1","830"
"CMake","2016","1","829"
"Elm","2016","1","762"
"Perl6","2016","1","695"
"Objective-C++","2016","1","683"
"HCL","2016","1","606"
"D","2016","1","526"
"Cucumber","2016","1","479"
"GLSL","2016","1","475"
"Pascal","2016","1","475"
"Groff","2016","1","474"
"Crystal","2016","1","453"
"Arduino","2016","1","447"
"Vala","2016","1","416"
"GAP","2016","1","414"
"QML","2016","1","407"
"Common Lisp","2016","1","404"
"Smalltalk","2016","1","379"
"RobotFramework","2016","1","365"
"SQF","2016","1","349"
"Objective-J","2016","1","349"
"Game Maker Language","2016","1","324"
"SaltStack","2016","1","312"
"BitBake","2016","1","310"
"Standard ML","2016","1","299"
"ApacheConf","2016","1","298"
"Nimrod","2016","1","296"
"Protocol Buffer","2016","1","292"
"Cuda","2016","1","290"
"API Blueprint","2016","1","288"
"KiCad","2016","1","286"
"Eagle","2016","1","285"
"Batchfile","2016","1","276"
"Web Ontology Language","2016","1","265"
"Nginx","2016","1","260"
"ColdFusion","2016","1","258"
"SourcePawn","2016","1","249"
"ActionScript","2016","1","236"
"Tcl","2016","1","218"
"AutoIt","2016","1","196"
"PLSQL","2016","1","191"
"M4","2016","1","188"
"Smarty","2016","1","185"
"Mathematica","2016","1","184"
"Scheme","2016","1","178"
"Red","2016","1","154"
"Racket","2016","1","150"
"AGS Script","2016","1","150"
"Vue","2016","1","149"
"NSIS","2016","1","144"
"Processing","2016","1","144"
"Verilog","2016","1","140"
"SystemVerilog","2016","1","139"
"LiveScript","2016","1","133"
"Xtend","2016","1","123"
"Eiffel","2016","1","121"
"Ceylon","2016","1","111"
"Modelica","2016","1","103"
"Yacc","2016","1","102"
"1C Enterprise","2016","1","102"
"JavaScript","2016","2","409880"
"Python","2016","2","219173"
"Java","2016","2","156057"
"PHP","2016","2","117909"
"Ruby","2016","2","113169"
"C++","2016","2","76601"
"HTML","2016","2","72739"
"Go","2016","2","70492"
"C","2016","2","50174"
"C#","2016","2","49308"
"CSS","2016","2","38825"
"Shell","2016","2","33210"
"TypeScript","2016","2","25551"
"Swift","2016","2","18934"
"Scala","2016","2","18378"
"Objective-C","2016","2","16300"
"Rust","2016","2","13596"
"CoffeeScript","2016","2","12444"
"Perl","2016","2","7511"
"Haskell","2016","2","6418"
"Lua","2016","2","6024"
"DM","2016","2","5958"
"Clojure","2016","2","5618"
"Groovy","2016","2","5096"
"Jupyter Notebook","2016","2","4828"
"Erlang","2016","2","3809"
"Elixir","2016","2","3719"
"Makefile","2016","2","3714"
"PowerShell","2016","2","3460"
"Julia","2016","2","3261"
"OCaml","2016","2","3213"
"R","2016","2","3109"
"Visual Basic","2016","2","2647"
"TeX","2016","2","2539"
"Puppet","2016","2","2510"
"Kotlin","2016","2","2278"
"F#","2016","2","2206"
"Emacs Lisp","2016","2","2163"
"VimL","2016","2","1548"
"Matlab","2016","2","1340"
"Dart","2016","2","1254"
"PLpgSQL","2016","2","1164"
"GCC Machine Description","2016","2","1126"
"CMake","2016","2","1016"
"Elm","2016","2","935"
"XSLT","2016","2","920"
"PureScript","2016","2","873"
"Assembly","2016","2","835"
"Haxe","2016","2","798"
"Objective-C++","2016","2","775"
"HCL","2016","2","680"
"Perl6","2016","2","649"
"Apex","2016","2","644"
"FORTRAN","2016","2","603"
"Groff","2016","2","586"
"Tcl","2016","2","498"
"SQF","2016","2","496"
"Arduino","2016","2","441"
"QML","2016","2","424"
"ooc","2016","2","423"
"Smalltalk","2016","2","400"
"RobotFramework","2016","2","399"
"GLSL","2016","2","396"
"Crystal","2016","2","387"
"D","2016","2","385"
"Common Lisp","2016","2","378"
"BitBake","2016","2","371"
"Cucumber","2016","2","363"
"Pascal","2016","2","359"
"PLSQL","2016","2","355"
"Vue","2016","2","340"
"KiCad","2016","2","336"
"PostScript","2016","2","334"
"ApacheConf","2016","2","328"
"Protocol Buffer","2016","2","307"
"Vala","2016","2","297"
"Web Ontology Language","2016","2","294"
"SourcePawn","2016","2","293"
"Batchfile","2016","2","286"
"GAP","2016","2","285"
"Nimrod","2016","2","268"
"Eagle","2016","2","248"
"Prolog","2016","2","248"
"API Blueprint","2016","2","244"
"Scheme","2016","2","239"
"M4","2016","2","235"
"ActionScript","2016","2","211"
"Nginx","2016","2","210"
"AGS Script","2016","2","210"
"ColdFusion","2016","2","206"
"Cuda","2016","2","198"
"SaltStack","2016","2","194"
"ASP","2016","2","194"
"Xtend","2016","2","190"
"Racket","2016","2","188"
"Standard ML","2016","2","185"
"Zephir","2016","2","179"
"Game Maker Language","2016","2","167"
"Mathematica","2016","2","166"
"Red","2016","2","155"
"Verilog","2016","2","149"
"SAS","2016","2","145"
"Processing","2016","2","131"
"Eiffel","2016","2","131"
"Logos","2016","2","130"
"1C Enterprise","2016","2","113"
"Modelica","2016","2","104"
"POV-Ray SDL","2016","2","102"
"JavaScript","2016","3","406803"
"Python","2016","3","214755"
"Java","2016","3","142912"
"PHP","2016","3","107220"
"Ruby","2016","3","102638"
"C++","2016","3","76058"
"Go","2016","3","71598"
"HTML","2016","3","65826"
"C","2016","3","48509"
"C#","2016","3","48241"
"CSS","2016","3","35305"
"TypeScript","2016","3","30808"
"Shell","2016","3","29974"
"Swift","2016","3","20419"
"Scala","2016","3","19747"
"Objective-C","2016","3","14507"
"Rust","2016","3","12470"
"CoffeeScript","2016","3","10328"
"Jupyter Notebook","2016","3","6301"
"Haskell","2016","3","6215"
"Perl","2016","3","5749"
"Lua","2016","3","5715"
"Clojure","2016","3","5195"
"DM","2016","3","4908"
"Groovy","2016","3","4470"
"Julia","2016","3","4378"
"OCaml","2016","3","3570"
"Elixir","2016","3","3413"
"Erlang","2016","3","3255"
"Makefile","2016","3","3146"
"PowerShell","2016","3","3070"
"Kotlin","2016","3","2909"
"R","2016","3","2480"
"Puppet","2016","3","2419"
"Visual Basic","2016","3","2397"
"Emacs Lisp","2016","3","1944"
"GCC Machine Description","2016","3","1605"
"F#","2016","3","1591"
"VimL","2016","3","1488"
"PLpgSQL","2016","3","1476"
"TeX","2016","3","1330"
"Dart","2016","3","1152"
"Matlab","2016","3","1143"
"Objective-C++","2016","3","968"
"Protocol Buffer","2016","3","934"
"Haxe","2016","3","903"
"FORTRAN","2016","3","891"
"XSLT","2016","3","888"
"Vue","2016","3","798"
"HCL","2016","3","794"
"Elm","2016","3","767"
"PureScript","2016","3","702"
"CMake","2016","3","694"
"PLSQL","2016","3","649"
"Tcl","2016","3","564"
"Perl6","2016","3","540"
"Groff","2016","3","538"
"QML","2016","3","508"
"SQF","2016","3","504"
"Assembly","2016","3","460"
"Crystal","2016","3","432"
"Web Ontology Language","2016","3","414"
"Common Lisp","2016","3","401"
"BitBake","2016","3","379"
"Arduino","2016","3","354"
"Apex","2016","3","334"
"KiCad","2016","3","327"
"Nginx","2016","3","317"
"Smalltalk","2016","3","314"
"Pascal","2016","3","313"
"D","2016","3","282"
"Nimrod","2016","3","282"
"Cucumber","2016","3","280"
"GLSL","2016","3","274"
"Vala","2016","3","264"
"RobotFramework","2016","3","261"
"ApacheConf","2016","3","250"
"SaltStack","2016","3","245"
"Xtend","2016","3","241"
"Racket","2016","3","223"
"Scheme","2016","3","215"
"Smarty","2016","3","214"
"ooc","2016","3","210"
"SourcePawn","2016","3","209"
"Cuda","2016","3","200"
"Batchfile","2016","3","196"
"OpenEdge ABL","2016","3","187"
"API Blueprint","2016","3","185"
"Eagle","2016","3","182"
"M4","2016","3","180"
"Standard ML","2016","3","178"
"AGS Script","2016","3","161"
"Coq","2016","3","159"
"PostScript","2016","3","159"
"ColdFusion","2016","3","146"
"GDScript","2016","3","146"
"ActionScript","2016","3","140"
"Mathematica","2016","3","137"
"ASP","2016","3","136"
"Game Maker Language","2016","3","125"
"1C Enterprise","2016","3","113"
"GAP","2016","3","105"
"JavaScript","2016","4","419758"
"Python","2016","4","218637"
"Java","2016","4","157863"
"PHP","2016","4","113295"
"Ruby","2016","4","103516"
"C++","2016","4","78706"
"Go","2016","4","76183"
"HTML","2016","4","71040"
"C","2016","4","52839"
"C#","2016","4","51605"
"TypeScript","2016","4","36795"
"CSS","2016","4","36360"
"Shell","2016","4","34484"
"Scala","2016","4","20555"
"Swift","2016","4","20164"
"Objective-C","2016","4","15089"
"Rust","2016","4","13433"
"CoffeeScript","2016","4","12013"
"Jupyter Notebook","2016","4","6073"
"Perl","2016","4","6005"
"Lua","2016","4","5878"
"Haskell","2016","4","5454"
"Clojure","2016","4","5038"
"DM","2016","4","4801"
"Groovy","2016","4","4107"
"OCaml","2016","4","4065"
"Elixir","2016","4","3757"
"PowerShell","2016","4","3598"
"Erlang","2016","4","3503"
"Makefile","2016","4","3102"
"Visual Basic","2016","4","2923"
"Julia","2016","4","2823"
"Vue","2016","4","2802"
"R","2016","4","2545"
"Kotlin","2016","4","2496"
"Puppet","2016","4","2381"
"GCC Machine Description","2016","4","2376"
"VimL","2016","4","2141"
"Dart","2016","4","2016"
"Emacs Lisp","2016","4","1840"
"Matlab","2016","4","1458"
"F#","2016","4","1457"
"TeX","2016","4","1355"
"Perl6","2016","4","1297"
"Elm","2016","4","1227"
"PLpgSQL","2016","4","1165"
"PLSQL","2016","4","1085"
"CMake","2016","4","1078"
"PureScript","2016","4","1061"
"Objective-C++","2016","4","778"
"QML","2016","4","775"
"XSLT","2016","4","713"
"HCL","2016","4","694"
"FORTRAN","2016","4","688"
"Haxe","2016","4","651"
"Assembly","2016","4","624"
"Crystal","2016","4","573"
"Smarty","2016","4","559"
"Arduino","2016","4","491"
"SQF","2016","4","488"
"Common Lisp","2016","4","473"
"Groff","2016","4","426"
"BitBake","2016","4","422"
"RobotFramework","2016","4","420"
"Protocol Buffer","2016","4","379"
"Prolog","2016","4","376"
"KiCad","2016","4","373"
"GLSL","2016","4","357"
"Cucumber","2016","4","349"
"Apex","2016","4","341"
"Xtend","2016","4","337"
"Cuda","2016","4","325"
"Nginx","2016","4","315"
"D","2016","4","310"
"ApacheConf","2016","4","307"
"Web Ontology Language","2016","4","299"
"Batchfile","2016","4","289"
"ooc","2016","4","285"
"Pascal","2016","4","284"
"SaltStack","2016","4","281"
"Coq","2016","4","280"
"Smalltalk","2016","4","265"
"M4","2016","4","263"
"Vala","2016","4","254"
"ColdFusion","2016","4","252"
"Eagle","2016","4","251"
"SourcePawn","2016","4","244"
"1C Enterprise","2016","4","240"
"VHDL","2016","4","240"
"LLVM","2016","4","233"
"Nimrod","2016","4","223"
"SQLPL","2016","4","212"
"Standard ML","2016","4","208"
"OpenEdge ABL","2016","4","207"
"Nix","2016","4","181"
"Tcl","2016","4","180"
"GAP","2016","4","163"
"Processing","2016","4","160"
"Scheme","2016","4","154"
"PostScript","2016","4","152"
"FreeMarker","2016","4","142"
"Racket","2016","4","134"
"API Blueprint","2016","4","132"
"ABAP","2016","4","123"
"Eiffel","2016","4","121"
"AutoHotkey","2016","4","109"
"Pan","2016","4","108"
"Game Maker Language","2016","4","108"
"ActionScript","2016","4","107"
"LiveScript","2016","4","105"
"AGS Script","2016","4","101"
"JavaScript","2017","1","383738"
"Python","2017","1","229442"
"Java","2017","1","149556"
"PHP","2017","1","110171"
"Ruby","2017","1","97534"
"Go","2017","1","90068"
"C++","2017","1","84767"
"HTML","2017","1","62878"
"C#","2017","1","60393"
"C","2017","1","50041"
"TypeScript","2017","1","42166"
"CSS","2017","1","33438"
"Shell","2017","1","32751"
"Scala","2017","1","21270"
"Swift","2017","1","17912"
"Rust","2017","1","14494"
"Objective-C","2017","1","13559"
"CoffeeScript","2017","1","11273"
"DM","2017","1","7384"
"Jupyter Notebook","2017","1","7078"
"Lua","2017","1","6779"
"Haskell","2017","1","5977"
"Perl","2017","1","5878"
"Clojure","2017","1","5259"
"Elixir","2017","1","4792"
"PowerShell","2017","1","4493"
"Groovy","2017","1","4363"
"Julia","2017","1","4001"
"OCaml","2017","1","3775"
"Erlang","2017","1","3287"
"Makefile","2017","1","3117"
"Visual Basic","2017","1","2817"
"Kotlin","2017","1","2772"
"Vue","2017","1","2636"
"R","2017","1","2570"
"Vim script","2017","1","2510"
"TeX","2017","1","2263"
"Dart","2017","1","2194"
"Puppet","2017","1","1900"
"Emacs Lisp","2017","1","1883"
"Matlab","2017","1","1590"
"Smarty","2017","1","1553"
"F#","2017","1","1335"
"Objective-C++","2017","1","1146"
"Fortran","2017","1","1038"
"PLpgSQL","2017","1","1028"
"PureScript","2017","1","993"
"CMake","2017","1","976"
"Elm","2017","1","893"
"XSLT","2017","1","874"
"PLSQL","2017","1","824"
"KiCad","2017","1","782"
"Perl6","2017","1","669"
"Gherkin","2017","1","614"
"Assembly","2017","1","549"
"Haxe","2017","1","529"
"Common Lisp","2017","1","523"
"Crystal","2017","1","516"
"BitBake","2017","1","515"
"Protocol Buffer","2017","1","490"
"Roff","2017","1","489"
"QML","2017","1","484"
"HCL","2017","1","471"
"D","2017","1","451"
"Pascal","2017","1","409"
"Arduino","2017","1","398"
"SaltStack","2017","1","364"
"RobotFramework","2017","1","361"
"Standard ML","2017","1","336"
"Web Ontology Language","2017","1","328"
"Apex","2017","1","303"
"Smalltalk","2017","1","295"
"GAP","2017","1","282"
"SQF","2017","1","280"
"GLSL","2017","1","270"
"Xtend","2017","1","269"
"ApacheConf","2017","1","252"
"SourcePawn","2017","1","231"
"ABAP","2017","1","222"
"Ada","2017","1","221"
"Vala","2017","1","212"
"GCC Machine Description","2017","1","209"
"Batchfile","2017","1","205"
"Tcl","2017","1","197"
"PostScript","2017","1","197"
"Nim","2017","1","197"
"VimL","2017","1","195"
"Racket","2017","1","186"
"Prolog","2017","1","183"
"M4","2017","1","181"
"Cuda","2017","1","171"
"ColdFusion","2017","1","170"
"Nginx","2017","1","162"
"Eagle","2017","1","161"
"1C Enterprise","2017","1","159"
"Groff","2017","1","158"
"AutoHotkey","2017","1","158"
"AutoIt","2017","1","150"
"API Blueprint","2017","1","144"
"Nix","2017","1","132"
"ASP","2017","1","131"
"Coq","2017","1","126"
"Scheme","2017","1","118"
"Component Pascal","2017","1","116"
"Game Maker Language","2017","1","102"
"JavaScript","2017","2","422653"
"Python","2017","2","264327"
"Java","2017","2","178148"
"PHP","2017","2","115413"
"Ruby","2017","2","113309"
"Go","2017","2","102468"
"C++","2017","2","98572"
"HTML","2017","2","73382"
"C#","2017","2","66193"
"TypeScript","2017","2","57093"
"C","2017","2","51213"
"CSS","2017","2","42013"
"Shell","2017","2","36913"
"Scala","2017","2","24444"
"Swift","2017","2","20560"
"Rust","2017","2","17723"
"Objective-C","2017","2","13980"
"DM","2017","2","12946"
"Jupyter Notebook","2017","2","9332"
"CoffeeScript","2017","2","8910"
"Haskell","2017","2","6678"
"Lua","2017","2","6533"
"Perl","2017","2","5707"
"Elixir","2017","2","5541"
"PowerShell","2017","2","5385"
"Clojure","2017","2","5323"
"Groovy","2017","2","4786"
"Kotlin","2017","2","4608"
"Julia","2017","2","4279"
"Visual Basic","2017","2","4187"
"OCaml","2017","2","3822"
"R","2017","2","3475"
"Vue","2017","2","3206"
"Makefile","2017","2","3171"
"Erlang","2017","2","2826"
"Vim script","2017","2","2392"
"HCL","2017","2","2357"
"Emacs Lisp","2017","2","2315"
"Matlab","2017","2","2176"
"Dart","2017","2","2111"
"TeX","2017","2","2009"
"Puppet","2017","2","1950"
"F#","2017","2","1604"
"Perl6","2017","2","1535"
"Smarty","2017","2","1469"
"CMake","2017","2","1319"
"PureScript","2017","2","1311"
"PLpgSQL","2017","2","1221"
"Elm","2017","2","1179"
"Fortran","2017","2","1032"
"Arduino","2017","2","832"
"Crystal","2017","2","814"
"Objective-C++","2017","2","771"
"XSLT","2017","2","756"
"Logos","2017","2","744"
"KiCad","2017","2","695"
"Haxe","2017","2","693"
"SaltStack","2017","2","682"
"Roff","2017","2","672"
"Vala","2017","2","666"
"QML","2017","2","596"
"Protocol Buffer","2017","2","569"
"Assembly","2017","2","548"
"BitBake","2017","2","527"
"D","2017","2","500"
"Nix","2017","2","464"
"Gherkin","2017","2","458"
"SQF","2017","2","436"
"PLSQL","2017","2","405"
"Smalltalk","2017","2","405"
"Pascal","2017","2","391"
"Common Lisp","2017","2","362"
"GAP","2017","2","357"
"Scheme","2017","2","349"
"Apex","2017","2","320"
"Nim","2017","2","292"
"PostScript","2017","2","270"
"Web Ontology Language","2017","2","259"
"Batchfile","2017","2","258"
"ColdFusion","2017","2","230"
"Eagle","2017","2","229"
"ApacheConf","2017","2","222"
"Nginx","2017","2","222"
"ASP","2017","2","220"
"Standard ML","2017","2","219"
"SourcePawn","2017","2","217"
"Racket","2017","2","216"
"M4","2017","2","214"
"Coq","2017","2","207"
"Processing","2017","2","185"
"RobotFramework","2017","2","146"
"GLSL","2017","2","144"
"Mathematica","2017","2","138"
"1C Enterprise","2017","2","135"
"Cuda","2017","2","131"
"LabVIEW","2017","2","123"
"ABAP","2017","2","122"
"ActionScript","2017","2","120"
"Rascal","2017","2","118"
"AutoIt","2017","2","110"
"HLSL","2017","2","106"
"Xtend","2017","2","103"
"Tcl","2017","2","102"
"JavaScript","2017","3","294029"
"Python","2017","3","207040"
"Java","2017","3","133103"
"Ruby","2017","3","91916"
"Go","2017","3","90599"
"PHP","2017","3","87687"
"C++","2017","3","83184"
"HTML","2017","3","48462"
"C","2017","3","45938"
"TypeScript","2017","3","44131"
"C#","2017","3","43188"
"Shell","2017","3","29905"
"CSS","2017","3","22060"
"Scala","2017","3","20343"
"Swift","2017","3","14279"
"Rust","2017","3","14021"
"DM","2017","3","11392"
"Objective-C","2017","3","10852"
"CoffeeScript","2017","3","6130"
"Haskell","2017","3","5402"
"Groovy","2017","3","5055"
"Lua","2017","3","5011"
"PowerShell","2017","3","4964"
"Jupyter Notebook","2017","3","4936"
"Elixir","2017","3","4500"
"Perl","2017","3","4407"
"Clojure","2017","3","4314"
"Kotlin","2017","3","4106"
"OCaml","2017","3","3256"
"Makefile","2017","3","3220"
"Julia","2017","3","3115"
"Puppet","2017","3","2337"
"Erlang","2017","3","2211"
"R","2017","3","2155"
"Smarty","2017","3","2036"
"HCL","2017","3","2010"
"Vue","2017","3","1995"
"Dart","2017","3","1973"
"Visual Basic","2017","3","1964"
"Vim script","2017","3","1909"
"Emacs Lisp","2017","3","1839"
"Matlab","2017","3","1453"
"F#","2017","3","1370"
"TeX","2017","3","1363"
"CMake","2017","3","1330"
"PLpgSQL","2017","3","1158"
"Elm","2017","3","767"
"PureScript","2017","3","751"
"Fortran","2017","3","690"
"Gherkin","2017","3","683"
"XSLT","2017","3","682"
"SaltStack","2017","3","657"
"Perl 6","2017","3","653"
"Logos","2017","3","641"
"Roff","2017","3","641"
"Protocol Buffer","2017","3","563"
"Assembly","2017","3","522"
"Crystal","2017","3","502"
"Vala","2017","3","499"
"FreeMarker","2017","3","451"
"GAP","2017","3","450"
"D","2017","3","425"
"Smalltalk","2017","3","425"
"BitBake","2017","3","401"
"Nix","2017","3","381"
"Pascal","2017","3","374"
"Web Ontology Language","2017","3","361"
"Haxe","2017","3","351"
"Apex","2017","3","333"
"QML","2017","3","331"
"Scheme","2017","3","302"
"Racket","2017","3","298"
"Nim","2017","3","291"
"SourcePawn","2017","3","248"
"Objective-C++","2017","3","245"
"SQF","2017","3","238"
"Arduino","2017","3","232"
"Common Lisp","2017","3","217"
"M4","2017","3","217"
"PLSQL","2017","3","196"
"PostScript","2017","3","195"
"RobotFramework","2017","3","182"
"Standard ML","2017","3","178"
"Batchfile","2017","3","177"
"ABAP","2017","3","160"
"ApacheConf","2017","3","159"
"1C Enterprise","2017","3","154"
"Eagle","2017","3","147"
"GLSL","2017","3","144"
"ColdFusion","2017","3","144"
"Mathematica","2017","3","136"
"Tcl","2017","3","129"
"Prolog","2017","3","121"
"Nginx","2017","3","115"
"AutoHotkey","2017","3","107"
"JavaScript","2017","4","269903"
"Python","2017","4","191596"
"Java","2017","4","121744"
"Ruby","2017","4","86499"
"PHP","2017","4","84800"
"Go","2017","4","82244"
"C++","2017","4","80560"
"C","2017","4","45143"
"HTML","2017","4","42283"
"C#","2017","4","41241"
"TypeScript","2017","4","40946"
"Shell","2017","4","24922"
"CSS","2017","4","21257"
"Scala","2017","4","18150"
"Swift","2017","4","13562"
"DM","2017","4","12235"
"Rust","2017","4","11911"
"Objective-C","2017","4","10242"
"CoffeeScript","2017","4","6445"
"Haskell","2017","4","4690"
"Groovy","2017","4","4670"
"Lua","2017","4","4637"
"Clojure","2017","4","4440"
"Perl","2017","4","4429"
"Kotlin","2017","4","4254"
"Jupyter Notebook","2017","4","3400"
"Elixir","2017","4","3278"
"PowerShell","2017","4","2844"
"Makefile","2017","4","2795"
"OCaml","2017","4","2630"
"Julia","2017","4","2507"
"Vue","2017","4","2345"
"Dart","2017","4","2286"
"Emacs Lisp","2017","4","2252"
"Erlang","2017","4","2137"
"R","2017","4","1978"
"Vim script","2017","4","1958"
"Smarty","2017","4","1909"
"Puppet","2017","4","1718"
"HCL","2017","4","1692"
"TeX","2017","4","1558"
"Visual Basic","2017","4","1368"
"Matlab","2017","4","1205"
"F#","2017","4","1077"
"CMake","2017","4","1003"
"PLpgSQL","2017","4","981"
"Crystal","2017","4","743"
"Fortran","2017","4","729"
"Elm","2017","4","533"
"Roff","2017","4","531"
"XSLT","2017","4","517"
"Perl 6","2017","4","483"
"GAP","2017","4","477"
"Assembly","2017","4","468"
"Vala","2017","4","444"
"SaltStack","2017","4","441"
"BitBake","2017","4","432"
"Gherkin","2017","4","429"
"Logos","2017","4","400"
"D","2017","4","397"
"SQF","2017","4","396"
"Common Lisp","2017","4","387"
"FreeMarker","2017","4","366"
"PureScript","2017","4","357"
"Objective-C++","2017","4","355"
"Haxe","2017","4","339"
"QML","2017","4","331"
"Nim","2017","4","304"
"Smalltalk","2017","4","284"
"Nix","2017","4","271"
"Apex","2017","4","269"
"ColdFusion","2017","4","257"
"M4","2017","4","256"
"RobotFramework","2017","4","254"
"SourcePawn","2017","4","250"
"Pascal","2017","4","248"
"Arduino","2017","4","233"
"Scheme","2017","4","222"
"PLSQL","2017","4","219"
"Prolog","2017","4","210"
"PostScript","2017","4","184"
"Batchfile","2017","4","182"
"ABAP","2017","4","164"
"Standard ML","2017","4","157"
"Coq","2017","4","146"
"Racket","2017","4","143"
"Tcl","2017","4","139"
"Eiffel","2017","4","119"
"AutoHotkey","2017","4","113"
"GLSL","2017","4","110"
"HLSL","2017","4","105"
"1C Enterprise","2017","4","105"
"JavaScript","2018","1","293753"
"Python","2018","1","206444"
"Java","2018","1","127496"
"Go","2018","1","92626"
"Ruby","2018","1","86178"
"C++","2018","1","82228"
"PHP","2018","1","78014"
"TypeScript","2018","1","61535"
"HTML","2018","1","43461"
"C#","2018","1","43201"
"C","2018","1","36995"
"Shell","2018","1","29783"
"CSS","2018","1","20273"
"Scala","2018","1","17995"
"Swift","2018","1","14947"
"Rust","2018","1","12187"
"DM","2018","1","10850"
"Objective-C","2018","1","7403"
"Kotlin","2018","1","6617"
"Makefile","2018","1","6328"
"Jupyter Notebook","2018","1","5586"
"Groovy","2018","1","5406"
"Vue","2018","1","5131"
"Lua","2018","1","4573"
"Clojure","2018","1","4123"
"CoffeeScript","2018","1","4100"
"Elixir","2018","1","4055"
"Perl","2018","1","4054"
"Haskell","2018","1","3725"
"PowerShell","2018","1","3687"
"Dart","2018","1","2945"
"R","2018","1","2931"
"Smarty","2018","1","2627"
"Erlang","2018","1","2433"
"Emacs Lisp","2018","1","2428"
"OCaml","2018","1","2234"
"Vim script","2018","1","1784"
"HCL","2018","1","1763"
"F#","2018","1","1629"
"Puppet","2018","1","1494"
"Julia","2018","1","1432"
"Smalltalk","2018","1","1367"
"Matlab","2018","1","1226"
"Visual Basic","2018","1","943"
"CMake","2018","1","942"
"Crystal","2018","1","911"
"TeX","2018","1","803"
"XSLT","2018","1","764"
"PLpgSQL","2018","1","714"
"FreeMarker","2018","1","677"
"BitBake","2018","1","675"
"Assembly","2018","1","669"
"Elm","2018","1","638"
"Fortran","2018","1","622"
"Gherkin","2018","1","611"
"Nix","2018","1","569"
"Vala","2018","1","540"
"QML","2018","1","516"
"Objective-C++","2018","1","485"
"Roff","2018","1","465"
"PLSQL","2018","1","418"
"Common Lisp","2018","1","401"
"SaltStack","2018","1","400"
"GAP","2018","1","393"
"Haxe","2018","1","383"
"Perl 6","2018","1","363"
"D","2018","1","346"
"Apex","2018","1","326"
"PureScript","2018","1","301"
"Uno","2018","1","286"
"ABAP","2018","1","281"
"RAML","2018","1","255"
"Scheme","2018","1","210"
"Ring","2018","1","201"
"SourcePawn","2018","1","191"
"Standard ML","2018","1","186"
"Verilog","2018","1","182"
"Tcl","2018","1","179"
"Pascal","2018","1","175"
"RobotFramework","2018","1","169"
"Coq","2018","1","162"
"ColdFusion","2018","1","160"
"Nim","2018","1","156"
"M4","2018","1","147"
"SQF","2018","1","134"
"Common Workflow Language","2018","1","129"
"Batchfile","2018","1","129"
"Prolog","2018","1","123"
"WebAssembly","2018","1","123"
"Game Maker Language","2018","1","122"
"Eiffel","2018","1","112"
"Hy","2018","1","108"
"JavaScript","2018","2","226322"
"Python","2018","2","164917"
"Java","2018","2","100171"
"Go","2018","2","77189"
"C++","2018","2","71762"
"Ruby","2018","2","66282"
"PHP","2018","2","58739"
"TypeScript","2018","2","48349"
"C#","2018","2","33848"
"HTML","2018","2","33845"
"C","2018","2","29802"
"Shell","2018","2","23770"
"CSS","2018","2","15720"
"Scala","2018","2","14461"
"Swift","2018","2","11522"
"Rust","2018","2","7864"
"Objective-C","2018","2","6486"
"Kotlin","2018","2","5493"
"DM","2018","2","5279"
"Groovy","2018","2","5078"
"Jupyter Notebook","2018","2","4536"
"Makefile","2018","2","4379"
"Lua","2018","2","3955"
"Elixir","2018","2","3740"
"Clojure","2018","2","3665"
"Perl","2018","2","3513"
"Vue","2018","2","3346"
"Dart","2018","2","3254"
"CoffeeScript","2018","2","3206"
"PowerShell","2018","2","2873"
"Smarty","2018","2","2685"
"Haskell","2018","2","2643"
"Erlang","2018","2","2394"
"R","2018","2","2234"
"OCaml","2018","2","1917"
"WebAssembly","2018","2","1772"
"Emacs Lisp","2018","2","1714"
"Vim script","2018","2","1423"
"Mathematica","2018","2","1336"
"Matlab","2018","2","1130"
"Smalltalk","2018","2","1101"
"Visual Basic","2018","2","974"
"Puppet","2018","2","965"
"HCL","2018","2","876"
"Julia","2018","2","849"
"XSLT","2018","2","782"
"PLpgSQL","2018","2","712"
"TeX","2018","2","692"
"Apex","2018","2","640"
"PureScript","2018","2","603"
"Assembly","2018","2","602"
"FreeMarker","2018","2","602"
"F#","2018","2","601"
"Nix","2018","2","599"
"Crystal","2018","2","596"
"CMake","2018","2","569"
"Vala","2018","2","553"
"Scheme","2018","2","514"
"Fortran","2018","2","492"
"BitBake","2018","2","487"
"SaltStack","2018","2","463"
"GAP","2018","2","397"
"Gherkin","2018","2","388"
"PLSQL","2018","2","387"
"Perl 6","2018","2","368"
"Elm","2018","2","367"
"Haxe","2018","2","364"
"Objective-C++","2018","2","353"
"Roff","2018","2","314"
"ABAP","2018","2","255"
"Common Lisp","2018","2","249"
"QML","2018","2","233"
"Racket","2018","2","225"
"SourcePawn","2018","2","199"
"Objective-J","2018","2","182"
"Pascal","2018","2","170"
"PostScript","2018","2","153"
"RobotFramework","2018","2","152"
"D","2018","2","151"
"Meson","2018","2","145"
"M4","2018","2","138"
"Nim","2018","2","132"
"Coq","2018","2","127"
"Batchfile","2018","2","125"
"Game Maker Language","2018","2","118"
"Prolog","2018","2","106"
"ColdFusion","2018","2","104"
"SQF","2018","2","101"
"JavaScript","2018","3","208604"
"Python","2018","3","172595"
"Java","2018","3","98312"
"Go","2018","3","78708"
"C++","2018","3","71430"
"Ruby","2018","3","61902"
"PHP","2018","3","55201"
"TypeScript","2018","3","45174"
"C#","2018","3","34150"
"C","2018","3","30095"
"HTML","2018","3","28629"
"Shell","2018","3","21976"
"CSS","2018","3","17821"
"Scala","2018","3","14538"
"Swift","2018","3","11279"
"Rust","2018","3","7703"
"Objective-C","2018","3","6487"
"Kotlin","2018","3","5888"
"Groovy","2018","3","4961"
"Jupyter Notebook","2018","3","4949"
"DM","2018","3","4919"
"Makefile","2018","3","4665"
"Elixir","2018","3","3827"
"Lua","2018","3","3759"
"Clojure","2018","3","3510"
"CoffeeScript","2018","3","3195"
"Vue","2018","3","3181"
"Perl","2018","3","3110"
"Haskell","2018","3","3109"
"Dart","2018","3","2645"
"Erlang","2018","3","2377"
"PowerShell","2018","3","2130"
"OCaml","2018","3","1893"
"R","2018","3","1888"
"Dockerfile","2018","3","1864"
"Vim script","2018","3","1673"
"Emacs Lisp","2018","3","1423"
"Puppet","2018","3","1253"
"Julia","2018","3","1136"
"Matlab","2018","3","868"
"PLpgSQL","2018","3","857"
"Smalltalk","2018","3","833"
"XSLT","2018","3","794"
"Visual Basic","2018","3","768"
"F#","2018","3","732"
"HCL","2018","3","712"
"Assembly","2018","3","657"
"TeX","2018","3","643"
"Apex","2018","3","588"
"FreeMarker","2018","3","575"
"Fortran","2018","3","547"
"ABAP","2018","3","541"
"RobotFramework","2018","3","505"
"BitBake","2018","3","480"
"Smarty","2018","3","466"
"Crystal","2018","3","445"
"GAP","2018","3","429"
"CMake","2018","3","418"
"Perl 6","2018","3","418"
"PLSQL","2018","3","406"
"Common Lisp","2018","3","394"
"Gherkin","2018","3","351"
"Elm","2018","3","344"
"Vala","2018","3","337"
"Haxe","2018","3","304"
"Nix","2018","3","288"
"PureScript","2018","3","234"
"Objective-C++","2018","3","233"
"Cuda","2018","3","210"
"Racket","2018","3","205"
"M4","2018","3","188"
"D","2018","3","157"
"SourcePawn","2018","3","154"
"Nim","2018","3","150"
"Batchfile","2018","3","146"
"SaltStack","2018","3","143"
"Scheme","2018","3","137"
"WebAssembly","2018","3","129"
"Propeller Spin","2018","3","128"
"Coq","2018","3","115"
"QML","2018","3","110"
"Roff","2018","3","106"
"Ring","2018","3","106"
"Tcl","2018","3","105"
"JavaScript","2018","4","200345"
"Python","2018","4","171912"
"Java","2018","4","96310"
"Go","2018","4","76172"
"C++","2018","4","66636"
"Ruby","2018","4","63891"
"PHP","2018","4","57610"
"TypeScript","2018","4","48566"
"C#","2018","4","32948"
"C","2018","4","32015"
"HTML","2018","4","29777"
"Shell","2018","4","23424"
"CSS","2018","4","18234"
"Scala","2018","4","13844"
"Swift","2018","4","10836"
"Rust","2018","4","7123"
"Jupyter Notebook","2018","4","6791"
"Kotlin","2018","4","5936"
"Objective-C","2018","4","4979"
"Elixir","2018","4","4771"
"Groovy","2018","4","4620"
"DM","2018","4","3867"
"Perl","2018","4","3799"
"Lua","2018","4","3569"
"Clojure","2018","4","3381"
"CoffeeScript","2018","4","2694"
"Makefile","2018","4","2552"
"Haskell","2018","4","2403"
"Vue","2018","4","2276"
"PowerShell","2018","4","2013"
"Emacs Lisp","2018","4","1944"
"Dockerfile","2018","4","1888"
"Erlang","2018","4","1879"
"Dart","2018","4","1846"
"OCaml","2018","4","1719"
"R","2018","4","1615"
"Vim script","2018","4","1465"
"Puppet","2018","4","1029"
"Smalltalk","2018","4","914"
"Julia","2018","4","901"
"Matlab","2018","4","837"
"TeX","2018","4","621"
"Fortran","2018","4","597"
"CMake","2018","4","591"
"PLpgSQL","2018","4","583"
"Visual Basic","2018","4","576"
"XSLT","2018","4","576"
"Vala","2018","4","538"
"FreeMarker","2018","4","508"
"F#","2018","4","490"
"Apex","2018","4","481"
"Crystal","2018","4","436"
"BitBake","2018","4","432"
"HCL","2018","4","428"
"PLSQL","2018","4","411"
"Objective-C++","2018","4","373"
"Verilog","2018","4","355"
"Perl 6","2018","4","339"
"ABAP","2018","4","321"
"Nix","2018","4","312"
"Assembly","2018","4","274"
"Gherkin","2018","4","263"
"Haxe","2018","4","254"
"Smarty","2018","4","254"
"QML","2018","4","251"
"Elm","2018","4","243"
"Roff","2018","4","233"
"WebAssembly","2018","4","218"
"Common Lisp","2018","4","201"
"DIGITAL Command Language","2018","4","192"
"Batchfile","2018","4","186"
"PureScript","2018","4","184"
"Scheme","2018","4","176"
"Pascal","2018","4","163"
"D","2018","4","154"
"Nim","2018","4","152"
"M4","2018","4","139"
"SourcePawn","2018","4","136"
"SaltStack","2018","4","132"
"Processing","2018","4","124"
"JavaScript","2019","1","213079"
"Python","2019","1","189576"
"Java","2019","1","110208"
"Go","2019","1","85051"
"C++","2019","1","78236"
"Ruby","2019","1","68551"
"PHP","2019","1","59182"
"TypeScript","2019","1","55594"
"C#","2019","1","39136"
"C","2019","1","35860"
"HTML","2019","1","27504"
"Shell","2019","1","23098"
"CSS","2019","1","18043"
"Scala","2019","1","15667"
"Swift","2019","1","9892"
"Rust","2019","1","7352"
"Kotlin","2019","1","6827"
"Objective-C","2019","1","5655"
"Jupyter Notebook","2019","1","5338"
"Groovy","2019","1","4739"
"Elixir","2019","1","4162"
"Lua","2019","1","3974"
"DM","2019","1","3688"
"Perl","2019","1","3673"
"Dart","2019","1","3408"
"Vue","2019","1","3088"
"Clojure","2019","1","3088"
"PowerShell","2019","1","2991"
"Makefile","2019","1","2916"
"CoffeeScript","2019","1","2879"
"Haskell","2019","1","1986"
"OCaml","2019","1","1937"
"Dockerfile","2019","1","1868"
"R","2019","1","1810"
"Emacs Lisp","2019","1","1725"
"Vim script","2019","1","1612"
"Jsonnet","2019","1","1496"
"Erlang","2019","1","1390"
"Puppet","2019","1","1243"
"Julia","2019","1","1057"
"Smalltalk","2019","1","1037"
"MATLAB","2019","1","965"
"TeX","2019","1","909"
"WebAssembly","2019","1","765"
"HCL","2019","1","720"
"Fortran","2019","1","713"
"F#","2019","1","681"
"Visual Basic","2019","1","581"
"PLpgSQL","2019","1","569"
"CMake","2019","1","532"
"Apex","2019","1","532"
"XSLT","2019","1","509"
"Smarty","2019","1","484"
"ABAP","2019","1","455"
"BitBake","2019","1","429"
"Gherkin","2019","1","422"
"PLSQL","2019","1","378"
"Vala","2019","1","357"
"Nix","2019","1","309"
"Crystal","2019","1","298"
"Roff","2019","1","285"
"Perl 6","2019","1","279"
"FreeMarker","2019","1","235"
"PureScript","2019","1","220"
"Batchfile","2019","1","214"
"Objective-C++","2019","1","211"
"Common Lisp","2019","1","194"
"Haxe","2019","1","193"
"Elm","2019","1","188"
"QML","2019","1","187"
"Scheme","2019","1","176"
"Coq","2019","1","163"
"Ring","2019","1","139"
"SaltStack","2019","1","134"
"Pascal","2019","1","134"
"SQF","2019","1","131"
"RAML","2019","1","129"
"Assembly","2019","1","122"
"Nim","2019","1","114"
"M4","2019","1","105"
"JavaScript","2019","2","147523"
"Python","2019","2","131829"
"Java","2019","2","77615"
"Go","2019","2","58619"
"C++","2019","2","53706"
"Ruby","2019","2","46618"
"PHP","2019","2","40841"
"TypeScript","2019","2","40100"
"C#","2019","2","29629"
"C","2019","2","23623"
"HTML","2019","2","18612"
"Shell","2019","2","17383"
"CSS","2019","2","12849"
"Scala","2019","2","10696"
"Swift","2019","2","8167"
"Rust","2019","2","5288"
"Kotlin","2019","2","4854"
"Jupyter Notebook","2019","2","4329"
"Objective-C","2019","2","3908"
"Elixir","2019","2","3320"
"Groovy","2019","2","3277"
"DM","2019","2","2946"
"Dart","2019","2","2783"
"Perl","2019","2","2470"
"Vue","2019","2","2431"
"Makefile","2019","2","2337"
"Lua","2019","2","2291"
"PowerShell","2019","2","2071"
"Clojure","2019","2","2004"
"CoffeeScript","2019","2","1712"
"OCaml","2019","2","1705"
"Jsonnet","2019","2","1580"
"Haskell","2019","2","1405"
"R","2019","2","1196"
"Emacs Lisp","2019","2","1151"
"Dockerfile","2019","2","1138"
"Vim script","2019","2","1092"
"Erlang","2019","2","967"
"WebAssembly","2019","2","915"
"Puppet","2019","2","763"
"MATLAB","2019","2","744"
"TeX","2019","2","699"
"Smalltalk","2019","2","652"
"Smarty","2019","2","538"
"Julia","2019","2","500"
"Fortran","2019","2","497"
"F#","2019","2","412"
"PLpgSQL","2019","2","411"
"HCL","2019","2","377"
"Visual Basic","2019","2","374"
"CMake","2019","2","355"
"Apex","2019","2","309"
"XSLT","2019","2","302"
"BitBake","2019","2","299"
"Elm","2019","2","264"
"Perl 6","2019","2","239"
"Objective-C++","2019","2","239"
"PLSQL","2019","2","234"
"Gherkin","2019","2","214"
"Crystal","2019","2","208"
"Vala","2019","2","189"
"FreeMarker","2019","2","187"
"Common Lisp","2019","2","175"
"ABAP","2019","2","172"
"QML","2019","2","167"
"Nix","2019","2","161"
"Haxe","2019","2","144"
"Roff","2019","2","122"
"Scheme","2019","2","122"
"PureScript","2019","2","121"
"D","2019","2","120"
"SQF","2019","2","113"
"SourcePawn","2019","2","111"
"SaltStack","2019","2","111"
"Assembly","2019","2","104"
"Batchfile","2019","2","103"
"JavaScript","2019","3","219158"
"Python","2019","3","184191"
"Java","2019","3","111865"
"Go","2019","3","95063"
"C++","2019","3","76087"
"TypeScript","2019","3","64853"
"Ruby","2019","3","63339"
"PHP","2019","3","54651"
"C#","2019","3","41093"
"C","2019","3","34479"
"HTML","2019","3","26099"
"Shell","2019","3","22222"
"Scala","2019","3","19414"
"CSS","2019","3","13770"
"Rust","2019","3","10774"
"Swift","2019","3","9099"
"Dart","2019","3","8287"
"Kotlin","2019","3","7670"
"Jupyter Notebook","2019","3","6967"
"Objective-C","2019","3","5944"
"Elixir","2019","3","5017"
"Groovy","2019","3","4428"
"DM","2019","3","4269"
"Perl","2019","3","3310"
"Vue","2019","3","3249"
"Lua","2019","3","3002"
"Makefile","2019","3","2902"
"Clojure","2019","3","2710"
"CoffeeScript","2019","3","2430"
"PowerShell","2019","3","2230"
"Haskell","2019","3","1898"
"TSQL","2019","3","1808"
"OCaml","2019","3","1676"
"Jsonnet","2019","3","1632"
"Dockerfile","2019","3","1623"
"Emacs Lisp","2019","3","1569"
"Vim script","2019","3","1523"
"R","2019","3","1350"
"Erlang","2019","3","1187"
"TeX","2019","3","1031"
"Puppet","2019","3","846"
"Julia","2019","3","824"
"Smarty","2019","3","728"
"MATLAB","2019","3","581"
"Fortran","2019","3","571"
"Visual Basic","2019","3","559"
"Apex","2019","3","524"
"XSLT","2019","3","502"
"Objective-C++","2019","3","483"
"Coq","2019","3","472"
"HCL","2019","3","450"
"F#","2019","3","423"
"Crystal","2019","3","393"
"BitBake","2019","3","386"
"Smalltalk","2019","3","370"
"PLpgSQL","2019","3","326"
"FreeMarker","2019","3","318"
"WebAssembly","2019","3","314"
"Gherkin","2019","3","311"
"Vala","2019","3","298"
"Perl 6","2019","3","292"
"Elm","2019","3","287"
"CMake","2019","3","272"
"ABAP","2019","3","260"
"Scheme","2019","3","241"
"SystemVerilog","2019","3","241"
"SaltStack","2019","3","240"
"Roff","2019","3","232"
"Nix","2019","3","208"
"Haxe","2019","3","203"
"PLSQL","2019","3","203"
"ColdFusion","2019","3","193"
"Pascal","2019","3","175"
"QML","2019","3","175"
"Common Lisp","2019","3","167"
"PureScript","2019","3","164"
"SourcePawn","2019","3","150"
"Assembly","2019","3","140"
"Propeller Spin","2019","3","135"
"Rich Text Format","2019","3","128"
"D","2019","3","119"
"Genshi","2019","3","117"
"Nim","2019","3","107"
"SQF","2019","3","107"
"RAML","2019","3","106"
"JavaScript","2019","4","231046"
"Python","2019","4","200388"
"Java","2019","4","116024"
"Go","2019","4","94476"
"C++","2019","4","78184"
"Ruby","2019","4","77548"
"TypeScript","2019","4","71242"
"PHP","2019","4","60184"
"C#","2019","4","41372"
"C","2019","4","33655"
"HTML","2019","4","32768"
"Shell","2019","4","22558"
"Scala","2019","4","18850"
"CSS","2019","4","16670"
"Rust","2019","4","10665"
"Swift","2019","4","9295"
"Dart","2019","4","8492"
"Kotlin","2019","4","8233"
"Jupyter Notebook","2019","4","7105"
"Objective-C","2019","4","5680"
"DM","2019","4","4744"
"Groovy","2019","4","4328"
"Elixir","2019","4","4173"
"Perl","2019","4","3642"
"Vue","2019","4","3465"
"PowerShell","2019","4","2773"
"TSQL","2019","4","2731"
"Makefile","2019","4","2669"
"Lua","2019","4","2661"
"Clojure","2019","4","2407"
"CoffeeScript","2019","4","2161"
"Emacs Lisp","2019","4","2121"
"Haskell","2019","4","1961"
"Vim script","2019","4","1799"
"OCaml","2019","4","1747"
"Dockerfile","2019","4","1746"
"R","2019","4","1328"
"Erlang","2019","4","1328"
"Jsonnet","2019","4","1323"
"Julia","2019","4","935"
"Puppet","2019","4","898"
"TeX","2019","4","886"
"Smarty","2019","4","829"
"F#","2019","4","715"
"MATLAB","2019","4","694"
"Objective-C++","2019","4","592"
"Fortran","2019","4","547"
"PLpgSQL","2019","4","505"
"ABAP","2019","4","505"
"XSLT","2019","4","499"
"BitBake","2019","4","497"
"HCL","2019","4","481"
"Assembly","2019","4","478"
"Gherkin","2019","4","454"
"Apex","2019","4","432"
"CMake","2019","4","418"
"WebAssembly","2019","4","352"
"FreeMarker","2019","4","343"
"Crystal","2019","4","337"
"Coq","2019","4","330"
"Vala","2019","4","329"
"SystemVerilog","2019","4","322"
"Smalltalk","2019","4","312"
"Elm","2019","4","302"
"Perl 6","2019","4","286"
"Common Lisp","2019","4","257"
"Nix","2019","4","254"
"QML","2019","4","245"
"Haxe","2019","4","237"
"Visual Basic .NET","2019","4","228"
"Roff","2019","4","225"
"Pascal","2019","4","212"
"SaltStack","2019","4","166"
"PLSQL","2019","4","157"
"D","2019","4","122"
"Genshi","2019","4","116"
"GLSL","2019","4","115"
"Nim","2019","4","114"
"Markdown","2019","4","110"
"JavaScript","2020","1","212135"
"Python","2020","1","184172"
"Java","2020","1","124067"
"Go","2020","1","102138"
"C++","2020","1","84198"
"Ruby","2020","1","77262"
"TypeScript","2020","1","76772"
"PHP","2020","1","58151"
"C#","2020","1","43496"
"C","2020","1","36082"
"HTML","2020","1","29409"
"Scala","2020","1","22081"
"Shell","2020","1","20548"
"CSS","2020","1","14530"
"Rust","2020","1","11552"
"Swift","2020","1","8986"
"Jupyter Notebook","2020","1","8715"
"Kotlin","2020","1","8519"
"Dart","2020","1","7385"
"Starlark","2020","1","7123"
"DM","2020","1","5458"
"Objective-C","2020","1","4882"
"Groovy","2020","1","4762"
"Elixir","2020","1","4303"
"Perl","2020","1","3357"
"Makefile","2020","1","2656"
"CoffeeScript","2020","1","2615"
"Vue","2020","1","2492"
"TSQL","2020","1","2482"
"PowerShell","2020","1","2444"
"Lua","2020","1","2370"
"Clojure","2020","1","2286"
"Emacs Lisp","2020","1","2103"
"Haskell","2020","1","2034"
"Vim script","2020","1","1861"
"Dockerfile","2020","1","1819"
"OCaml","2020","1","1601"
"R","2020","1","1585"
"Julia","2020","1","1343"
"Erlang","2020","1","1238"
"Jsonnet","2020","1","1101"
"Puppet","2020","1","982"
"Smarty","2020","1","730"
"Coq","2020","1","668"
"Fortran","2020","1","644"
"MATLAB","2020","1","596"
"BitBake","2020","1","520"
"HCL","2020","1","517"
"F#","2020","1","479"
"PLpgSQL","2020","1","444"
"Objective-C++","2020","1","418"
"CMake","2020","1","416"
"Visual Basic .NET","2020","1","414"
"TeX","2020","1","384"
"XSLT","2020","1","372"
"Gherkin","2020","1","323"
"Vala","2020","1","320"
"Nix","2020","1","290"
"Elm","2020","1","285"
"WebAssembly","2020","1","281"
"ABAP","2020","1","263"
"FreeMarker","2020","1","236"
"SystemVerilog","2020","1","233"
"Assembly","2020","1","225"
"QML","2020","1","224"
"Crystal","2020","1","213"
"SaltStack","2020","1","196"
"PLSQL","2020","1","192"
"Raku","2020","1","189"
"Nim","2020","1","188"
"Smalltalk","2020","1","184"
"Common Lisp","2020","1","184"
"GDScript","2020","1","176"
"SWIG","2020","1","174"
"PureScript","2020","1","163"
"Roff","2020","1","150"
"Haxe","2020","1","125"
"Open Policy Agent","2020","1","124"
"UnrealScript","2020","1","123"
"q","2020","1","114"
"Markdown","2020","1","102"
"SourcePawn","2020","1","101"
"JavaScript","2020","2","228570"
"Python","2020","2","195956"
"Java","2020","2","130542"
"Go","2020","2","108534"
"C++","2020","2","92892"
"TypeScript","2020","2","89215"
"Ruby","2020","2","78973"
"PHP","2020","2","63228"
"C#","2020","2","46189"
"C","2020","2","40392"
"HTML","2020","2","28991"
"Shell","2020","2","24458"
"Scala","2020","2","20978"
"CSS","2020","2","15172"
"Rust","2020","2","13534"
"Jupyter Notebook","2020","2","9189"
"Swift","2020","2","9050"
"Starlark","2020","2","8295"
"Kotlin","2020","2","8150"
"Dart","2020","2","7381"
"Objective-C","2020","2","4980"
"Groovy","2020","2","4780"
"Elixir","2020","2","4588"
"DM","2020","2","4179"
"Perl","2020","2","3814"
"Vue","2020","2","3135"
"Makefile","2020","2","2920"
"PowerShell","2020","2","2664"
"Lua","2020","2","2604"
"Emacs Lisp","2020","2","2603"
"TSQL","2020","2","2525"
"CoffeeScript","2020","2","2478"
"Clojure","2020","2","2435"
"Haskell","2020","2","2032"
"Dockerfile","2020","2","1863"
"Vim script","2020","2","1854"
"OCaml","2020","2","1655"
"Jsonnet","2020","2","1566"
"R","2020","2","1452"
"Erlang","2020","2","1279"
"Julia","2020","2","882"
"Smarty","2020","2","839"
"Coq","2020","2","817"
"MATLAB","2020","2","656"
"Fortran","2020","2","653"
"F#","2020","2","578"
"Puppet","2020","2","563"
"PLpgSQL","2020","2","534"
"BitBake","2020","2","492"
"HCL","2020","2","479"
"Vala","2020","2","473"
"Smalltalk","2020","2","451"
"CMake","2020","2","427"
"Crystal","2020","2","416"
"Visual Basic .NET","2020","2","407"
"WebAssembly","2020","2","370"
"Nix","2020","2","361"
"ABAP","2020","2","360"
"TeX","2020","2","319"
"XSLT","2020","2","307"
"Elm","2020","2","297"
"Objective-C++","2020","2","295"
"Common Lisp","2020","2","280"
"PureScript","2020","2","273"
"Pawn","2020","2","261"
"Haxe","2020","2","247"
"Gherkin","2020","2","241"
"PLSQL","2020","2","235"
"QML","2020","2","214"
"Nim","2020","2","212"
"SWIG","2020","2","199"
"Pascal","2020","2","188"
"M4","2020","2","167"
"SourcePawn","2020","2","158"
"Roff","2020","2","155"
"Assembly","2020","2","154"
"GLSL","2020","2","152"
"SystemVerilog","2020","2","146"
"q","2020","2","146"
"Raku","2020","2","133"
"SaltStack","2020","2","125"
"Reason","2020","2","121"
"Scheme","2020","2","117"
"D","2020","2","116"
"LookML","2020","2","104"
"JavaScript","2020","3","226806"
"Python","2020","3","178689"
"Java","2020","3","128380"
"Go","2020","3","99227"
"TypeScript","2020","3","84301"
"C++","2020","3","78060"
"Ruby","2020","3","69627"
"PHP","2020","3","56625"
"C#","2020","3","41829"
"C","2020","3","32530"
"HTML","2020","3","26837"
"Shell","2020","3","20974"
"Scala","2020","3","17380"
"CSS","2020","3","14410"
"Dart","2020","3","12535"
"Rust","2020","3","10342"
"Starlark","2020","3","8685"
"Kotlin","2020","3","8020"
"Swift","2020","3","7817"
"Jupyter Notebook","2020","3","7558"
"Groovy","2020","3","4957"
"DM","2020","3","4666"
"Objective-C","2020","3","4352"
"Elixir","2020","3","3981"
"Vue","2020","3","2973"
"Perl","2020","3","2903"
"Makefile","2020","3","2817"
"CoffeeScript","2020","3","2769"
"PowerShell","2020","3","2731"
"Clojure","2020","3","2554"
"TSQL","2020","3","2512"
"Lua","2020","3","2299"
"Vim script","2020","3","1886"
"Haskell","2020","3","1859"
"Emacs Lisp","2020","3","1825"
"Dockerfile","2020","3","1617"
"OCaml","2020","3","1502"
"Jsonnet","2020","3","1277"
"Erlang","2020","3","1225"
"R","2020","3","999"
"Puppet","2020","3","760"
"Julia","2020","3","654"
"Fortran","2020","3","648"
"Coq","2020","3","616"
"ABAP","2020","3","532"
"MATLAB","2020","3","471"
"SystemVerilog","2020","3","457"
"XSLT","2020","3","454"
"Visual Basic .NET","2020","3","438"
"Smarty","2020","3","435"
"WebAssembly","2020","3","405"
"HCL","2020","3","405"
"PLpgSQL","2020","3","392"
"BitBake","2020","3","388"
"F#","2020","3","382"
"TeX","2020","3","369"
"Objective-C++","2020","3","328"
"Elm","2020","3","300"
"CMake","2020","3","280"
"Vala","2020","3","237"
"Smalltalk","2020","3","228"
"Gherkin","2020","3","210"
"PLSQL","2020","3","210"
"Haxe","2020","3","199"
"Common Lisp","2020","3","195"
"Roff","2020","3","183"
"PureScript","2020","3","181"
"Nix","2020","3","165"
"Markdown","2020","3","154"
"Nim","2020","3","147"
"Raku","2020","3","136"
"Crystal","2020","3","134"
"Pascal","2020","3","131"
"Assembly","2020","3","119"
"QML","2020","3","119"
"JavaScript","2020","4","208667"
"Python","2020","4","183282"
"Java","2020","4","128342"
"Go","2020","4","90419"
"C++","2020","4","77816"
"Ruby","2020","4","77232"
"TypeScript","2020","4","73971"
"PHP","2020","4","61959"
"C#","2020","4","40828"
"C","2020","4","34758"
"HTML","2020","4","27517"
"Scala","2020","4","22699"
"Shell","2020","4","22576"
"CSS","2020","4","13074"
"Dart","2020","4","12026"
"Rust","2020","4","9979"
"Kotlin","2020","4","8353"
"Jupyter Notebook","2020","4","7353"
"Swift","2020","4","6888"
"Starlark","2020","4","6161"
"Groovy","2020","4","4234"
"Objective-C","2020","4","4202"
"Elixir","2020","4","3852"
"DM","2020","4","3357"
"Perl","2020","4","3085"
"CoffeeScript","2020","4","2821"
"Makefile","2020","4","2650"
"Lua","2020","4","2545"
"PowerShell","2020","4","2449"
"Clojure","2020","4","2173"
"Vue","2020","4","2013"
"TSQL","2020","4","1976"
"OCaml","2020","4","1927"
"Vim script","2020","4","1864"
"Haskell","2020","4","1792"
"Emacs Lisp","2020","4","1724"
"Dockerfile","2020","4","1538"
"Erlang","2020","4","1493"
"Jsonnet","2020","4","1042"
"R","2020","4","1036"
"Coq","2020","4","878"
"Julia","2020","4","842"
"MATLAB","2020","4","754"
"Smarty","2020","4","719"
"Roff","2020","4","646"
"PureScript","2020","4","596"
"HCL","2020","4","568"
"Puppet","2020","4","508"
"WebAssembly","2020","4","495"
"BitBake","2020","4","491"
"Fortran","2020","4","491"
"SystemVerilog","2020","4","490"
"F#","2020","4","471"
"PLpgSQL","2020","4","432"
"TeX","2020","4","429"
"Visual Basic .NET","2020","4","421"
"XSLT","2020","4","357"
"Elm","2020","4","287"
"Objective-C++","2020","4","269"
"CMake","2020","4","255"
"Vala","2020","4","238"
"Verilog","2020","4","226"
"Smalltalk","2020","4","220"
"Crystal","2020","4","207"
"Raku","2020","4","204"
"Gherkin","2020","4","196"
"Common Lisp","2020","4","194"
"Assembly","2020","4","180"
"Haxe","2020","4","164"
"D","2020","4","152"
"Nim","2020","4","134"
"Visual Basic","2020","4","130"
"Xtend","2020","4","128"
"Nix","2020","4","127"
"SaltStack","2020","4","123"
"Pascal","2020","4","122"
"GLSL","2020","4","119"
"QML","2020","4","110"
"RAML","2020","4","108"
"Markdown","2020","4","104"
"SourcePawn","2020","4","103"
"q","2020","4","100"
"JavaScript","2021","1","204404"
"Python","2021","1","181210"
"Java","2021","1","127293"
"Go","2021","1","85320"
"Ruby","2021","1","82691"
"C++","2021","1","76120"
"TypeScript","2021","1","71975"
"PHP","2021","1","55370"
"C#","2021","1","39386"
"C","2021","1","35452"
"HTML","2021","1","26828"
"Shell","2021","1","23881"
"Scala","2021","1","22087"
"CSS","2021","1","13199"
"Dart","2021","1","12863"
"Rust","2021","1","8313"
"Jupyter Notebook","2021","1","7372"
"Kotlin","2021","1","7249"
"Swift","2021","1","6481"
"Starlark","2021","1","5438"
"DM","2021","1","4288"
"Groovy","2021","1","3751"
"Objective-C","2021","1","3648"
"Elixir","2021","1","3381"
"Perl","2021","1","2721"
"Makefile","2021","1","2679"
"CoffeeScript","2021","1","2633"
"Lua","2021","1","2388"
"Vue","2021","1","2170"
"PowerShell","2021","1","2112"
"Emacs Lisp","2021","1","2085"
"TSQL","2021","1","1770"
"Dockerfile","2021","1","1750"
"Erlang","2021","1","1746"
"Clojure","2021","1","1724"
"Haskell","2021","1","1659"
"Vim script","2021","1","1544"
"OCaml","2021","1","1315"
"Jsonnet","2021","1","1083"
"R","2021","1","1018"
"Coq","2021","1","1003"
"Julia","2021","1","779"
"HCL","2021","1","762"
"PureScript","2021","1","726"
"Smarty","2021","1","663"
"Visual Basic .NET","2021","1","653"
"Roff","2021","1","652"
"SystemVerilog","2021","1","565"
"Fortran","2021","1","541"
"BitBake","2021","1","498"
"MATLAB","2021","1","485"
"WebAssembly","2021","1","456"
"TeX","2021","1","417"
"F#","2021","1","412"
"Puppet","2021","1","402"
"PLpgSQL","2021","1","354"
"XSLT","2021","1","334"
"Elm","2021","1","329"
"Common Lisp","2021","1","278"
"RAML","2021","1","277"
"Crystal","2021","1","265"
"CMake","2021","1","257"
"Gherkin","2021","1","253"
"Verilog","2021","1","242"
"Objective-C++","2021","1","236"
"Vala","2021","1","234"
"Pascal","2021","1","215"
"Smalltalk","2021","1","192"
"Xtend","2021","1","185"
"NASL","2021","1","176"
"BlitzBasic","2021","1","153"
"D","2021","1","153"
"Assembly","2021","1","149"
"Markdown","2021","1","141"
"Nim","2021","1","139"
"SaltStack","2021","1","133"
"CodeQL","2021","1","128"
"Cuda","2021","1","121"
"Visual Basic","2021","1","116"
"Haxe","2021","1","115"
"Raku","2021","1","113"
"SourcePawn","2021","1","111"
"M4","2021","1","109"
"SWIG","2021","1","108"
"JavaScript","2021","2","203423"
"Python","2021","2","174933"
"Java","2021","2","137128"
"Go","2021","2","81029"
"Ruby","2021","2","76962"
"TypeScript","2021","2","76849"
"C++","2021","2","71624"
"PHP","2021","2","52526"
"C#","2021","2","36519"
"C","2021","2","32404"
"Scala","2021","2","26151"
"HTML","2021","2","25970"
"Shell","2021","2","21744"
"CSS","2021","2","14380"
"Dart","2021","2","11450"
"Rust","2021","2","7651"
"Jupyter Notebook","2021","2","6667"
"Kotlin","2021","2","6612"
"Swift","2021","2","5929"
"PowerShell","2021","2","5795"
"Starlark","2021","2","4939"
"Groovy","2021","2","3212"
"Elixir","2021","2","3117"
"DM","2021","2","3054"
"Objective-C","2021","2","3012"
"CoffeeScript","2021","2","2766"
"Perl","2021","2","2580"
"Vue","2021","2","2537"
"Lua","2021","2","2109"
"Emacs Lisp","2021","2","1999"
"Makefile","2021","2","1988"
"OCaml","2021","2","1713"
"Haskell","2021","2","1704"
"Clojure","2021","2","1669"
"Dockerfile","2021","2","1627"
"Erlang","2021","2","1550"
"TSQL","2021","2","1477"
"Vim script","2021","2","1049"
"R","2021","2","932"
"Julia","2021","2","917"
"HCL","2021","2","752"
"Coq","2021","2","681"
"Smarty","2021","2","606"
"Roff","2021","2","597"
"Jsonnet","2021","2","588"
"MATLAB","2021","2","555"
"Puppet","2021","2","506"
"Fortran","2021","2","481"
"SystemVerilog","2021","2","447"
"XSLT","2021","2","442"
"Visual Basic .NET","2021","2","442"
"F#","2021","2","404"
"BitBake","2021","2","366"
"PLpgSQL","2021","2","307"
"Elm","2021","2","305"
"Smalltalk","2021","2","286"
"WebAssembly","2021","2","283"
"PureScript","2021","2","278"
"TeX","2021","2","277"
"Objective-C++","2021","2","258"
"Gherkin","2021","2","251"
"Vala","2021","2","236"
"Common Lisp","2021","2","207"
"NASL","2021","2","206"
"RAML","2021","2","204"
"Verilog","2021","2","202"
"GLSL","2021","2","197"
"Markdown","2021","2","187"
"Nix","2021","2","166"
"Crystal","2021","2","164"
"M4","2021","2","156"
"Raku","2021","2","149"
"QML","2021","2","124"
"Nim","2021","2","114"
"CMake","2021","2","113"
"JavaScript","2021","3","173954"
"Python","2021","3","154465"
"Java","2021","3","125728"
"Go","2021","3","79469"
"TypeScript","2021","3","69872"
"C++","2021","3","64747"
"Ruby","2021","3","62856"
"PHP","2021","3","47827"
"C#","2021","3","32607"
"C","2021","3","28659"
"HTML","2021","3","23540"
"Shell","2021","3","21068"
"Nix","2021","3","19436"
"Scala","2021","3","17550"
"CSS","2021","3","13516"
"Dart","2021","3","10553"
"Swift","2021","3","6354"
"Jupyter Notebook","2021","3","6348"
"Rust","2021","3","6221"
"Kotlin","2021","3","6151"
"Starlark","2021","3","4566"
"Groovy","2021","3","3325"
"DM","2021","3","3258"
"Elixir","2021","3","2948"
"Objective-C","2021","3","2856"
"Perl","2021","3","2786"
"CoffeeScript","2021","3","2717"
"Vue","2021","3","2381"
"Makefile","2021","3","1934"
"SystemVerilog","2021","3","1902"
"PowerShell","2021","3","1879"
"Clojure","2021","3","1738"
"OCaml","2021","3","1720"
"Dockerfile","2021","3","1678"
"Erlang","2021","3","1534"
"Haskell","2021","3","1437"
"Lua","2021","3","1424"
"Emacs Lisp","2021","3","1375"
"TSQL","2021","3","1125"
"HCL","2021","3","1043"
"Vim script","2021","3","981"
"R","2021","3","838"
"Julia","2021","3","761"
"Smarty","2021","3","610"
"Coq","2021","3","558"
"Jsonnet","2021","3","538"
"BitBake","2021","3","502"
"F#","2021","3","483"
"Roff","2021","3","471"
"MATLAB","2021","3","468"
"Fortran","2021","3","453"
"Objective-C++","2021","3","419"
"Visual Basic .NET","2021","3","409"
"PLpgSQL","2021","3","400"
"Vala","2021","3","384"
"WebAssembly","2021","3","369"
"Elm","2021","3","356"
"XSLT","2021","3","348"
"Puppet","2021","3","320"
"TeX","2021","3","266"
"Gherkin","2021","3","229"
"Smalltalk","2021","3","221"
"NASL","2021","3","197"
"PureScript","2021","3","186"
"Crystal","2021","3","163"
"QML","2021","3","158"
"CMake","2021","3","153"
"Common Lisp","2021","3","148"
"Markdown","2021","3","145"
"RAML","2021","3","144"
"Nim","2021","3","124"
"M4","2021","3","107"
"Python","2021","4","130338"
"JavaScript","2021","4","102212"
"Java","2021","4","88764"
"TypeScript","2021","4","61601"
"Go","2021","4","59338"
"C++","2021","4","48495"
"Ruby","2021","4","44824"
"PHP","2021","4","38189"
"C#","2021","4","24519"
"C","2021","4","22906"
"Nix","2021","4","17594"
"HTML","2021","4","17279"
"Shell","2021","4","15879"
"Scala","2021","4","14883"
"Kotlin","2021","4","7477"
"Starlark","2021","4","5400"
"Rust","2021","4","5047"
"Dart","2021","4","5046"
"Jupyter Notebook","2021","4","4789"
"Swift","2021","4","4715"
"CSS","2021","4","3549"
"Groovy","2021","4","2572"
"Lean","2021","4","2349"
"Elixir","2021","4","2262"
"DM","2021","4","2180"
"SCSS","2021","4","2145"
"Objective-C","2021","4","1752"
"OCaml","2021","4","1745"
"Makefile","2021","4","1731"
"SystemVerilog","2021","4","1688"
"Perl","2021","4","1676"
"Lua","2021","4","1442"
"Erlang","2021","4","1357"
"Haskell","2021","4","1306"
"Dockerfile","2021","4","1062"
"Clojure","2021","4","1005"
"Emacs Lisp","2021","4","1003"
"Vue","2021","4","939"
"HCL","2021","4","902"
"PowerShell","2021","4","826"
"CodeQL","2021","4","790"
"Jinja","2021","4","762"
"Jsonnet","2021","4","714"
"R","2021","4","566"
"CoffeeScript","2021","4","562"
"Verilog","2021","4","556"
"Smarty","2021","4","515"
"Roff","2021","4","444"
"Julia","2021","4","422"
"Vim script","2021","4","401"
"F#","2021","4","367"
"MATLAB","2021","4","338"
"Puppet","2021","4","332"
"Elm","2021","4","323"
"BitBake","2021","4","306"
"PLpgSQL","2021","4","304"
"Fortran","2021","4","287"
"Vala","2021","4","280"
"TeX","2021","4","279"
"YAML","2021","4","260"
"Visual Basic .NET","2021","4","246"
"WebAssembly","2021","4","238"
"Stylus","2021","4","219"
"Assembly","2021","4","203"
"Coq","2021","4","168"
"Batchfile","2021","4","158"
"Svelte","2021","4","156"
"Sass","2021","4","155"
"Game Maker Language","2021","4","148"
"XSLT","2021","4","135"
"Cuda","2021","4","131"
"CMake","2021","4","126"
"JSON","2021","4","125"
"SWIG","2021","4","114"
"Nunjucks","2021","4","114"
"Raku","2021","4","113"
"Twig","2021","4","111"
"Pascal","2021","4","105"
"Nim","2021","4","102"
"QML","2021","4","100"
"Gherkin","2021","4","100"
"Python","2022","1","133475"
"Java","2022","1","89429"
"JavaScript","2022","1","82517"
"C++","2022","1","75870"
"Go","2022","1","64738"
"TypeScript","2022","1","57919"
"PHP","2022","1","43485"
"Ruby","2022","1","39135"
"C","2022","1","31748"
"C#","2022","1","25441"
"Nix","2022","1","22691"
"Shell","2022","1","19676"
"Scala","2022","1","17501"
"HTML","2022","1","14932"
"Rust","2022","1","9998"
"Kotlin","2022","1","9618"
"Dart","2022","1","7202"
"Swift","2022","1","6687"
"Jupyter Notebook","2022","1","4592"
"DM","2022","1","3189"
"SystemVerilog","2022","1","2932"
"CSS","2022","1","2595"
"Perl","2022","1","2524"
"Lua","2022","1","2384"
"Makefile","2022","1","2304"
"Groovy","2022","1","2219"
"Objective-C","2022","1","2078"
"SCSS","2022","1","1894"
"OCaml","2022","1","1888"
"Lean","2022","1","1854"
"Elixir","2022","1","1826"
"Starlark","2022","1","1657"
"Haskell","2022","1","1457"
"HCL","2022","1","1375"
"Clojure","2022","1","1279"
"Emacs Lisp","2022","1","1257"
"CodeQL","2022","1","1180"
"Erlang","2022","1","1180"
"Dockerfile","2022","1","1092"
"JSON","2022","1","1051"
"Vue","2022","1","962"
"PowerShell","2022","1","787"
"Julia","2022","1","737"
"Jinja","2022","1","732"
"Roff","2022","1","641"
"Puppet","2022","1","551"
"Smarty","2022","1","542"
"Verilog","2022","1","540"
"CoffeeScript","2022","1","506"
"R","2022","1","500"
"PLpgSQL","2022","1","460"
"MATLAB","2022","1","443"
"F#","2022","1","438"
"Vim script","2022","1","404"
"Visual Basic .NET","2022","1","386"
"BitBake","2022","1","358"
"Assembly","2022","1","331"
"TeX","2022","1","309"
"PureScript","2022","1","303"
"Fortran","2022","1","264"
"WebAssembly","2022","1","234"
"YAML","2022","1","222"
"Raku","2022","1","218"
"hoon","2022","1","217"
"Markdown","2022","1","214"
"Jsonnet","2022","1","207"
"Stylus","2022","1","202"
"GAP","2022","1","195"
"Nunjucks","2022","1","175"
"Vala","2022","1","172"
"XSLT","2022","1","171"
"Gherkin","2022","1","166"
"CMake","2022","1","159"
"Common Lisp","2022","1","159"
"Nim","2022","1","159"
"Smalltalk","2022","1","156"
"Elm","2022","1","153"
"Sass","2022","1","147"
"GLSL","2022","1","146"
"QML","2022","1","145"
"Cuda","2022","1","142"
"Svelte","2022","1","141"
"Twig","2022","1","132"
"ANTLR","2022","1","129"
"Handlebars","2022","1","129"
"Cython","2022","1","113"
"Haxe","2022","1","110"
"F*","2022","1","107"
"Pascal","2022","1","103"
"Python","2022","2","118202"
"Java","2022","2","80078"
"JavaScript","2022","2","74170"
"C++","2022","2","70254"
"Go","2022","2","65351"
"TypeScript","2022","2","59127"
"PHP","2022","2","37092"
"Ruby","2022","2","35930"
"C","2022","2","28033"
"C#","2022","2","25514"
"Nix","2022","2","20868"
"Shell","2022","2","17101"
"Scala","2022","2","15101"
"HTML","2022","2","13148"
"Kotlin","2022","2","11228"
"Rust","2022","2","8865"
"Dart","2022","2","8839"
"Swift","2022","2","6455"
"Jupyter Notebook","2022","2","5539"
"DM","2022","2","3337"
"SystemVerilog","2022","2","2530"
"Perl","2022","2","2202"
"Makefile","2022","2","2163"
"Groovy","2022","2","2093"
"CSS","2022","2","2065"
"Objective-C","2022","2","2023"
"Lua","2022","2","1995"
"Lean","2022","2","1909"
"SCSS","2022","2","1660"
"JSON","2022","2","1629"
"HCL","2022","2","1530"
"Haskell","2022","2","1466"
"Starlark","2022","2","1462"
"Elixir","2022","2","1319"
"OCaml","2022","2","1270"
"Clojure","2022","2","1220"
"CodeQL","2022","2","1170"
"Dockerfile","2022","2","1034"
"Vue","2022","2","976"
"Erlang","2022","2","929"
"PowerShell","2022","2","882"
"Emacs Lisp","2022","2","867"
"Smarty","2022","2","703"
"Julia","2022","2","670"
"Jinja","2022","2","583"
"Adblock Filter List","2022","2","574"
"R","2022","2","560"
"Roff","2022","2","533"
"CoffeeScript","2022","2","485"
"PLpgSQL","2022","2","407"
"Verilog","2022","2","405"
"Assembly","2022","2","402"
"MATLAB","2022","2","401"
"Bicep","2022","2","399"
"Puppet","2022","2","362"
"Visual Basic .NET","2022","2","362"
"BitBake","2022","2","297"
"WebAssembly","2022","2","271"
"YAML","2022","2","268"
"PureScript","2022","2","265"
"F#","2022","2","254"
"Jsonnet","2022","2","253"
"Vim script","2022","2","246"
"TeX","2022","2","239"
"Markdown","2022","2","219"
"Smalltalk","2022","2","208"
"hoon","2022","2","183"
"Fortran","2022","2","181"
"Gherkin","2022","2","179"
"Vim Script","2022","2","175"
"Cuda","2022","2","163"
"Vala","2022","2","157"
"ANTLR","2022","2","155"
"Coq","2022","2","148"
"Raku","2022","2","144"
"Nunjucks","2022","2","144"
"XSLT","2022","2","138"
"Elm","2022","2","138"
"Haxe","2022","2","129"
"GAP","2022","2","125"
"ColdFusion","2022","2","121"
"Stylus","2022","2","120"
"CMake","2022","2","116"
"Twig","2022","2","111"
"QML","2022","2","109"
"Less","2022","2","106"
"Python","2022","3","123399"
"Java","2022","3","81045"
"C++","2022","3","75516"
"Go","2022","3","71121"
"JavaScript","2022","3","68390"
"TypeScript","2022","3","57075"
"PHP","2022","3","37089"
"Ruby","2022","3","36443"
"C","2022","3","31452"
"C#","2022","3","26794"
"Nix","2022","3","23921"
"Scala","2022","3","18386"
"Shell","2022","3","17776"
"HTML","2022","3","14116"
"Kotlin","2022","3","10102"
"Rust","2022","3","9808"
"Dart","2022","3","7492"
"Swift","2022","3","6522"
"Jupyter Notebook","2022","3","6312"
"DM","2022","3","2999"
"SystemVerilog","2022","3","2428"
"Lua","2022","3","2401"
"Perl","2022","3","2338"
"Groovy","2022","3","2271"
"Makefile","2022","3","2198"
"HCL","2022","3","2181"
"CSS","2022","3","2103"
"Objective-C","2022","3","1887"
"JSON","2022","3","1871"
"Lean","2022","3","1646"
"Haskell","2022","3","1572"
"SCSS","2022","3","1541"
"Elixir","2022","3","1452"
"Starlark","2022","3","1439"
"OCaml","2022","3","1293"
"Vue","2022","3","1245"
"CodeQL","2022","3","1238"
"Clojure","2022","3","1099"
"PowerShell","2022","3","1018"
"Dockerfile","2022","3","974"
"Emacs Lisp","2022","3","864"
"Erlang","2022","3","832"
"Julia","2022","3","677"
"F#","2022","3","657"
"Jinja","2022","3","656"
"Smarty","2022","3","608"
"Bicep","2022","3","571"
"Roff","2022","3","522"
"Assembly","2022","3","496"
"CoffeeScript","2022","3","486"
"WebAssembly","2022","3","469"
"Verilog","2022","3","463"
"MATLAB","2022","3","419"
"Visual Basic .NET","2022","3","348"
"R","2022","3","337"
"Puppet","2022","3","302"
"YAML","2022","3","296"
"GAP","2022","3","283"
"SourcePawn","2022","3","265"
"Adblock Filter List","2022","3","261"
"Markdown","2022","3","253"
"PLpgSQL","2022","3","251"
"BitBake","2022","3","226"
"MLIR","2022","3","225"
"ZAP","2022","3","214"
"Jsonnet","2022","3","211"
"ANTLR","2022","3","209"
"Vim Script","2022","3","199"
"hoon","2022","3","193"
"Cuda","2022","3","177"
"Reason","2022","3","176"
"Cython","2022","3","165"
"Fortran","2022","3","164"
"Vala","2022","3","163"
"Common Lisp","2022","3","152"
"TeX","2022","3","145"
"Elm","2022","3","143"
"Handlebars","2022","3","134"
"Astro","2022","3","133"
"XSLT","2022","3","133"
"q","2022","3","127"
"Coq","2022","3","126"
"Nunjucks","2022","3","125"
"Stylus","2022","3","122"
"ColdFusion","2022","3","117"
"Smalltalk","2022","3","115"
"CMake","2022","3","111"
"Raku","2022","3","109"
"Vim script","2022","3","107"
"Gherkin","2022","3","103"
"Python","2022","4","124594"
"Java","2022","4","78454"
"JavaScript","2022","4","68672"
"C++","2022","4","67486"
"Go","2022","4","65611"
"TypeScript","2022","4","57768"
"PHP","2022","4","36651"
"Ruby","2022","4","32238"
"C","2022","4","29496"
"C#","2022","4","22741"
"Shell","2022","4","17606"
"Nix","2022","4","15501"
"HTML","2022","4","14837"
"Scala","2022","4","11873"
"Rust","2022","4","11568"
"Kotlin","2022","4","9587"
"Swift","2022","4","6476"
"Jupyter Notebook","2022","4","6293"
"Dart","2022","4","5853"
"DM","2022","4","2769"
"HCL","2022","4","2764"
"Lua","2022","4","2666"
"SystemVerilog","2022","4","2556"
"CSS","2022","4","2522"
"Perl","2022","4","2269"
"Groovy","2022","4","2261"
"Makefile","2022","4","2038"
"Objective-C","2022","4","1748"
"CodeQL","2022","4","1620"
"SCSS","2022","4","1606"
"Elixir","2022","4","1491"
"OCaml","2022","4","1422"
"Vue","2022","4","1344"
"Haskell","2022","4","1326"
"Starlark","2022","4","1277"
"Lean","2022","4","1274"
"Dockerfile","2022","4","976"
"Erlang","2022","4","893"
"Smarty","2022","4","834"
"Emacs Lisp","2022","4","785"
"Jinja","2022","4","759"
"PowerShell","2022","4","751"
"JSON","2022","4","720"
"Clojure","2022","4","671"
"Julia","2022","4","640"
"MLIR","2022","4","511"
"Verilog","2022","4","506"
"Vim Script","2022","4","490"
"Roff","2022","4","448"
"CoffeeScript","2022","4","379"
"WebAssembly","2022","4","365"
"Assembly","2022","4","365"
"Puppet","2022","4","359"
"F#","2022","4","334"
"R","2022","4","332"
"Jsonnet","2022","4","328"
"GAP","2022","4","312"
"Bicep","2022","4","293"
"MATLAB","2022","4","277"
"BitBake","2022","4","246"
"Visual Basic .NET","2022","4","214"
"PLpgSQL","2022","4","213"
"YAML","2022","4","205"
"ANTLR","2022","4","192"
"hoon","2022","4","188"
"Markdown","2022","4","184"
"TeX","2022","4","178"
"Fortran","2022","4","174"
"Cython","2022","4","163"
"Twig","2022","4","163"
"ZAP","2022","4","159"
"Cuda","2022","4","148"
"SourcePawn","2022","4","131"
"GLSL","2022","4","129"
"ColdFusion","2022","4","129"
"Sass","2022","4","128"
"Nunjucks","2022","4","123"
"Mustache","2022","4","122"
"XSLT","2022","4","122"
"Common Lisp","2022","4","118"
"SWIG","2022","4","117"
"Smalltalk","2022","4","112"
"Elm","2022","4","106"
"Less","2022","4","106"
"Coq","2022","4","105"
"Gherkin","2022","4","105"
"Vala","2022","4","102"
"CMake","2022","4","100"
"Haxe","2022","4","98"
"PostScript","2022","4","98"
"LLVM","2022","4","93"
"F*","2022","4","87"
"Crystal","2022","4","85"
"Stylus","2022","4","85"
"Batchfile","2022","4","81"
"Blade","2022","4","81"
"Raku","2022","4","81"
"Handlebars","2022","4","80"
"Slim","2022","4","80"
"Pascal","2022","4","75"